path,last_logged_accuracy_percent,processed_images,logged_records
experiments/1_12_drop_similar_tokens_on_layers/notebooks/similarity_score_with_cls_token_accuracy_drop_50_layer_0_percent.txt,72.03,10000,12000
experiments/1_12_drop_similar_tokens_on_layers/similarity_score_with_cls_token_accuracy_drop_50__percent_layer_[0].txt,75.39,10000,1000
experiments/1_12_drop_similar_tokens_on_layers/similarity_score_with_cls_token_accuracy_drop_50__percent_layer_[10].txt,80.17999999999999,10000,1000
experiments/1_12_drop_similar_tokens_on_layers/similarity_score_with_cls_token_accuracy_drop_50__percent_layer_[11].txt,83.32000000000001,10000,1000
experiments/1_12_drop_similar_tokens_on_layers/similarity_score_with_cls_token_accuracy_drop_50__percent_layer_[1].txt,62.74999999999999,10000,1000
experiments/1_12_drop_similar_tokens_on_layers/similarity_score_with_cls_token_accuracy_drop_50__percent_layer_[2].txt,68.07,10000,1000
experiments/1_12_drop_similar_tokens_on_layers/similarity_score_with_cls_token_accuracy_drop_50__percent_layer_[3].txt,68.62,10000,1000
experiments/1_12_drop_similar_tokens_on_layers/similarity_score_with_cls_token_accuracy_drop_50__percent_layer_[4].txt,64.33,10000,1000
experiments/1_12_drop_similar_tokens_on_layers/similarity_score_with_cls_token_accuracy_drop_50__percent_layer_[5].txt,73.14,10000,1000
experiments/1_12_drop_similar_tokens_on_layers/similarity_score_with_cls_token_accuracy_drop_50__percent_layer_[6].txt,76.2,10000,1000
experiments/1_12_drop_similar_tokens_on_layers/similarity_score_with_cls_token_accuracy_drop_50__percent_layer_[7].txt,72.03,10000,1000
experiments/1_12_drop_similar_tokens_on_layers/similarity_score_with_cls_token_accuracy_drop_50__percent_layer_[8].txt,74.03999999999999,10000,1000
experiments/1_12_drop_similar_tokens_on_layers/similarity_score_with_cls_token_accuracy_drop_50__percent_layer_[9].txt,79.83,10000,1000
experiments/50_50_50_token_merfing_and_pruning/vit_base_smilarity_and_attention_using_sim_merged_25_exxp_25_25_25__3_6_9.txt,81.14,10000,1000
experiments/50_50_50_token_merfing_and_pruning/vit_base_smilarity_and_attention_using_sim_merged_25_merge_25_25_25__3_6_9.txt,82.04,10000,1000
experiments/50_50_50_token_merfing_and_pruning/vit_base_smilarity_and_attention_using_sim_merged_30_25_25_25__3_6_9.txt,81.2,10000,1000
experiments/combineing_3_in!1/vit_base_smilarity_and_attention_using_sim_merged_30_25_25_25__3_6_9.txt,81.45,10000,3505
experiments/combineing_3_in!1/vit_base_smilarity_and_attention_using_sim_merged_all_3_25_25_25_25__3_6_9.txt,81.58999999999999,10000,1000
"experiments/comparing_3_technique of similarity/similarity_then_sim_then_attention/vit_base_first_sim_attn_sim_[3, 6, 9]_droprate0.20_attnprune0.25.txt",81.96,10000,100
"experiments/comparing_3_technique of similarity/similarity_then_sim_then_attention/vit_base_first_sim_attn_sim_[3, 6, 9]_droprate0.25_attnprune0.20.txt",82.07,10000,108
"experiments/comparing_3_technique of similarity/similarity_then_sim_then_attention/vit_base_first_sim_attn_sim_[3, 6, 9]_droprate0.28_attnprune0.28.txt",80.89,10000,100
"experiments/comparing_3_technique of similarity/similarity_then_sim_then_attention/vit_base_first_sim_attn_sim_[3, 6, 9]_droprate0.30_attnprune0.15.txt",81.93,10000,100
"experiments/comparing_3_technique of similarity/similarity_then_sim_then_attention/vit_base_first_sim_attn_sim_[3, 6, 9]_droprate0.40_attnprune0.25.txt",87.5,160,18
experiments/comparing_3_technique of similarity/similarity_then_sim_then_attention/vit_base_smilarity_and_attention_using_sim_merged_15_15_15_15__3_6_9.txt,82.96,10000,1431
experiments/comparing_3_technique of similarity/similarity_then_sim_then_attention/vit_base_smilarity_and_attention_using_sim_merged_15_20_20_20__3_6_9.txt,82.73,10000,100
experiments/comparing_3_technique of similarity/similarity_then_sim_then_attention/vit_base_smilarity_and_attention_using_sim_merged_15_25_25_25__3_6_9.txt,82.06,10000,107
experiments/comparing_3_technique of similarity/similarity_then_sim_then_attention/vit_base_smilarity_and_attention_using_sim_merged_20_15_15_15__3_6_9.txt,82.69,10000,1000
experiments/comparing_3_technique of similarity/similarity_then_sim_then_attention/vit_base_smilarity_and_attention_using_sim_merged_20_20_20_20__3_6_9.txt,82.37,10000,1002
experiments/comparing_3_technique of similarity/similarity_then_sim_then_attention/vit_base_smilarity_and_attention_using_sim_merged_25_15_15_15__3_6_9.txt,82.34,10000,100
experiments/comparing_3_technique of similarity/similarity_then_sim_then_attention/vit_base_smilarity_and_attention_using_sim_merged_25_25_25_25__3_6_9.txt,81.45,10000,1000
experiments/comparing_3_technique of similarity/similarity_then_sim_then_attention/vit_base_smilarity_and_attention_using_sim_merged_30_20_20_20__3_6_9.txt,81.61,10000,1000
experiments/comparing_3_technique of similarity/similarity_then_sim_then_attention/vit_base_smilarity_and_attention_using_sim_merged_30_25_25_25__3_6_9.txt,81.28999999999999,10000,100
experiments/comparing_3_technique of similarity/similarity_then_sim_then_attention/vit_base_smilarity_and_attention_using_sim_merged_35_20_20_20__3_6_9.txt,80.97999999999999,10000,100
experiments/comparing_3_technique of similarity/similarity_then_sim_then_attention/vit_base_smilarity_and_attention_using_sim_merged_35_25_25_25__3_6_9.txt,80.44,10000,1000
experiments/comparing_3_technique of similarity/technique_1_only_attention/vit_base_similarity_dropblock[0]_droprate0.00_attnprune0.50.txt,46.29,10000,100
experiments/comparing_3_technique of similarity/technique_1_only_attention/vit_base_similarity_dropblock[10]_droprate0.00_attnprune0.50.txt,83.3,10000,100
experiments/comparing_3_technique of similarity/technique_1_only_attention/vit_base_similarity_dropblock[11]_droprate0.00_attnprune0.50.txt,83.31,10000,100
experiments/comparing_3_technique of similarity/technique_1_only_attention/vit_base_similarity_dropblock[12]_droprate0.00_attnprune0.50.txt,83.31,10000,100
experiments/comparing_3_technique of similarity/technique_1_only_attention/vit_base_similarity_dropblock[1]_droprate0.00_attnprune0.50.txt,76.18,10000,100
"experiments/comparing_3_technique of similarity/technique_1_only_attention/vit_base_similarity_dropblock[2, 5, 8]_droprate0-Copy1.00_attnprune0.45.txt",76.8235294117647,3400,34
"experiments/comparing_3_technique of similarity/technique_1_only_attention/vit_base_similarity_dropblock[2, 5, 8]_droprate0.00_attnprune0.45.txt",77.16,10000,100
"experiments/comparing_3_technique of similarity/technique_1_only_attention/vit_base_similarity_dropblock[2, 5, 8]_droprate0.25_attnprune0.25.txt",80.47999999999999,10000,100
experiments/comparing_3_technique of similarity/technique_1_only_attention/vit_base_similarity_dropblock[2]_droprate0.00_attnprune0.50.txt,80.56,10000,100
"experiments/comparing_3_technique of similarity/technique_1_only_attention/vit_base_similarity_dropblock[3, 6, 9]_droprate0-Copy1.00_attnprune0.56.txt",74.70833333333333,2400,24
"experiments/comparing_3_technique of similarity/technique_1_only_attention/vit_base_similarity_dropblock[3, 6, 9]_droprate0.00_attnprune0.56.txt",73.83,10000,100
"experiments/comparing_3_technique of similarity/technique_1_only_attention/vit_base_similarity_dropblock[3, 6, 9]_droprate0.15_attnprune0.15.txt",83.09,10000,100
"experiments/comparing_3_technique of similarity/technique_1_only_attention/vit_base_similarity_dropblock[3, 6, 9]_droprate0.15_attnprune0.20.txt",82.66,10000,100
"experiments/comparing_3_technique of similarity/technique_1_only_attention/vit_base_similarity_dropblock[3, 6, 9]_droprate0.15_attnprune0.25.txt",82.13000000000001,10000,100
"experiments/comparing_3_technique of similarity/technique_1_only_attention/vit_base_similarity_dropblock[3, 6, 9]_droprate0.20_attnprune0.15.txt",82.72,10000,100
"experiments/comparing_3_technique of similarity/technique_1_only_attention/vit_base_similarity_dropblock[3, 6, 9]_droprate0.20_attnprune0.20.txt",82.34,10000,100
"experiments/comparing_3_technique of similarity/technique_1_only_attention/vit_base_similarity_dropblock[3, 6, 9]_droprate0.20_attnprune0.25.txt",81.95,10000,100
"experiments/comparing_3_technique of similarity/technique_1_only_attention/vit_base_similarity_dropblock[3, 6, 9]_droprate0.25_attnprune0.15.txt",82.3,10000,100
"experiments/comparing_3_technique of similarity/technique_1_only_attention/vit_base_similarity_dropblock[3, 6, 9]_droprate0.25_attnprune0.20.txt",81.91000000000001,10000,100
"experiments/comparing_3_technique of similarity/technique_1_only_attention/vit_base_similarity_dropblock[3, 6, 9]_droprate0.25_attnprune0.25.txt",81.73,10000,100
"experiments/comparing_3_technique of similarity/technique_1_only_attention/vit_base_similarity_dropblock[3, 6, 9]_droprate0.28_attnprune0.28.txt",80.67999999999999,10000,100
"experiments/comparing_3_technique of similarity/technique_1_only_attention/vit_base_similarity_dropblock[3, 6, 9]_droprate0.30_attnprune0.15.txt",81.87,10000,100
"experiments/comparing_3_technique of similarity/technique_1_only_attention/vit_base_similarity_dropblock[3, 6, 9]_droprate0.30_attnprune0.20.txt",81.51,10000,200
"experiments/comparing_3_technique of similarity/technique_1_only_attention/vit_base_similarity_dropblock[3, 6, 9]_droprate0.30_attnprune0.25.txt",81.28999999999999,10000,100
"experiments/comparing_3_technique of similarity/technique_1_only_attention/vit_base_similarity_dropblock[3, 6, 9]_droprate0.35_attnprune0.20.txt",80.97999999999999,10000,100
"experiments/comparing_3_technique of similarity/technique_1_only_attention/vit_base_similarity_dropblock[3, 6, 9]_droprate0.35_attnprune0.25.txt",80.44,10000,100
experiments/comparing_3_technique of similarity/technique_1_only_attention/vit_base_similarity_dropblock[3]_droprate0.00_attnprune0.50.txt,81.66,10000,100
experiments/comparing_3_technique of similarity/technique_1_only_attention/vit_base_similarity_dropblock[4]_droprate0.00_attnprune0.50.txt,81.72,10000,100
experiments/comparing_3_technique of similarity/technique_1_only_attention/vit_base_similarity_dropblock[5]_droprate0.00_attnprune0.50.txt,82.5,10000,100
experiments/comparing_3_technique of similarity/technique_1_only_attention/vit_base_similarity_dropblock[6]_droprate0.00_attnprune0.50.txt,82.69,10000,100
experiments/comparing_3_technique of similarity/technique_1_only_attention/vit_base_similarity_dropblock[7]_droprate0.00_attnprune0.50.txt,82.97,10000,100
experiments/comparing_3_technique of similarity/technique_1_only_attention/vit_base_similarity_dropblock[8]_droprate0.00_attnprune0.50.txt,83.27,10000,100
experiments/comparing_3_technique of similarity/technique_1_only_attention/vit_base_similarity_dropblock[9]_droprate0.00_attnprune0.50.txt,83.1,10000,100
experiments/comparing_3_technique of similarity/technique_2_combineattenting_merging_similar/vit_base_similarity_dropblock[0]_droprate0.00_attnprune0.50.txt,51.82,10000,1000
experiments/comparing_3_technique of similarity/technique_2_combineattenting_merging_similar/vit_base_similarity_dropblock[10]_droprate0.00_attnprune0.50.txt,83.23,10000,1000
experiments/comparing_3_technique of similarity/technique_2_combineattenting_merging_similar/vit_base_similarity_dropblock[11]_droprate0.00_attnprune0.50.txt,83.31,10000,1000
experiments/comparing_3_technique of similarity/technique_2_combineattenting_merging_similar/vit_base_similarity_dropblock[1]_droprate0.00_attnprune0.50.txt,76.59,10000,1000
experiments/comparing_3_technique of similarity/technique_2_combineattenting_merging_similar/vit_base_similarity_dropblock[2]_droprate0.00_attnprune0.50.txt,81.17999999999999,10000,1000
"experiments/comparing_3_technique of similarity/technique_2_combineattenting_merging_similar/vit_base_similarity_dropblock[3, 6, 9]_droprate0.15_attnprune0.15.txt",83.08,10000,1000
"experiments/comparing_3_technique of similarity/technique_2_combineattenting_merging_similar/vit_base_similarity_dropblock[3, 6, 9]_droprate0.15_attnprune0.20.txt",82.65,10000,1000
"experiments/comparing_3_technique of similarity/technique_2_combineattenting_merging_similar/vit_base_similarity_dropblock[3, 6, 9]_droprate0.15_attnprune0.25.txt",82.1,10000,1000
"experiments/comparing_3_technique of similarity/technique_2_combineattenting_merging_similar/vit_base_similarity_dropblock[3, 6, 9]_droprate0.20_attnprune0.15.txt",82.74000000000001,10000,100
"experiments/comparing_3_technique of similarity/technique_2_combineattenting_merging_similar/vit_base_similarity_dropblock[3, 6, 9]_droprate0.20_attnprune0.20.txt",82.22,10000,1000
"experiments/comparing_3_technique of similarity/technique_2_combineattenting_merging_similar/vit_base_similarity_dropblock[3, 6, 9]_droprate0.20_attnprune0.25.txt",81.67,10000,1000
"experiments/comparing_3_technique of similarity/technique_2_combineattenting_merging_similar/vit_base_similarity_dropblock[3, 6, 9]_droprate0.25_attnprune0.15.txt",82.44,10000,1000
"experiments/comparing_3_technique of similarity/technique_2_combineattenting_merging_similar/vit_base_similarity_dropblock[3, 6, 9]_droprate0.25_attnprune0.20.txt",82.0,10000,100
"experiments/comparing_3_technique of similarity/technique_2_combineattenting_merging_similar/vit_base_similarity_dropblock[3, 6, 9]_droprate0.25_attnprune0.25.txt",81.49,10000,1000
"experiments/comparing_3_technique of similarity/technique_2_combineattenting_merging_similar/vit_base_similarity_dropblock[3, 6, 9]_droprate0.28_attnprune0.28.txt",80.67999999999999,10000,1000
"experiments/comparing_3_technique of similarity/technique_2_combineattenting_merging_similar/vit_base_similarity_dropblock[3, 6, 9]_droprate0.30_attnprune0.15.txt",81.95,10000,100
"experiments/comparing_3_technique of similarity/technique_2_combineattenting_merging_similar/vit_base_similarity_dropblock[3, 6, 9]_droprate0.30_attnprune0.20.txt",81.56,10000,1100
"experiments/comparing_3_technique of similarity/technique_2_combineattenting_merging_similar/vit_base_similarity_dropblock[3, 6, 9]_droprate0.30_attnprune0.25.txt",80.94,10000,100
"experiments/comparing_3_technique of similarity/technique_2_combineattenting_merging_similar/vit_base_similarity_dropblock[3, 6, 9]_droprate0.35_attnprune0.20.txt",80.94,10000,100
"experiments/comparing_3_technique of similarity/technique_2_combineattenting_merging_similar/vit_base_similarity_dropblock[3, 6, 9]_droprate0.35_attnprune0.25.txt",80.28999999999999,10000,1000
experiments/comparing_3_technique of similarity/technique_2_combineattenting_merging_similar/vit_base_similarity_dropblock[3]_droprate0.00_attnprune0.50.txt,81.63,10000,1000
experiments/comparing_3_technique of similarity/technique_2_combineattenting_merging_similar/vit_base_similarity_dropblock[4]_droprate0.00_attnprune0.50.txt,81.82000000000001,10000,1000
experiments/comparing_3_technique of similarity/technique_2_combineattenting_merging_similar/vit_base_similarity_dropblock[5]_droprate0.00_attnprune0.50.txt,82.39,10000,1000
experiments/comparing_3_technique of similarity/technique_2_combineattenting_merging_similar/vit_base_similarity_dropblock[6]_droprate0.00_attnprune0.50.txt,82.71,10000,1000
experiments/comparing_3_technique of similarity/technique_2_combineattenting_merging_similar/vit_base_similarity_dropblock[7]_droprate0.00_attnprune0.50.txt,83.0,10000,1000
experiments/comparing_3_technique of similarity/technique_2_combineattenting_merging_similar/vit_base_similarity_dropblock[8]_droprate0.00_attnprune0.50.txt,83.24000000000001,10000,1000
experiments/comparing_3_technique of similarity/technique_2_combineattenting_merging_similar/vit_base_similarity_dropblock[9]_droprate0.00_attnprune0.50.txt,83.12,10000,1000
"experiments/deit_tiny_similarity/similarity_score_with_cls_token_accuracydrop_similarity0.0_dropon layers0.0__percent_on_[3, 6, 9].txt",65.72,10000,3579
"experiments/deit_tiny_similarity/similarity_score_with_cls_token_accuracydrop_similarity0.15_dropon layers0.15__percent_on_[3, 6, 9].txt",59.39,10000,1000
experiments/drop combineing_similar and dissimilar/similarity_score_with_cls_token_accuracy_drop_50__percent_layer_[4].txt,79.55,10000,2661
experiments/drop_dis_similar_1_100/drop_11_20/similarity_score_with_cls_token_accuracy_drop_11_percent.txt,8.975409836065573,7320,732
experiments/drop_dis_similar_1_100/drop_11_20/similarity_score_with_cls_token_accuracy_drop_12_percent.txt,10.203527815468114,7370,737
experiments/drop_dis_similar_1_100/drop_11_20/similarity_score_with_cls_token_accuracy_drop_13_percent.txt,11.044776119402986,7370,737
experiments/drop_dis_similar_1_100/drop_11_20/similarity_score_with_cls_token_accuracy_drop_14_percent.txt,12.23738062755798,7330,733
experiments/drop_dis_similar_1_100/drop_11_20/similarity_score_with_cls_token_accuracy_drop_15_percent.txt,13.40569877883311,7370,737
experiments/drop_dis_similar_1_100/drop_11_20/similarity_score_with_cls_token_accuracy_drop_16_percent.txt,14.531886024423338,7370,737
experiments/drop_dis_similar_1_100/drop_11_20/similarity_score_with_cls_token_accuracy_drop_17_percent.txt,16.147540983606557,7320,732
experiments/drop_dis_similar_1_100/drop_11_20/similarity_score_with_cls_token_accuracy_drop_18_percent.txt,17.09016393442623,7320,732
experiments/drop_dis_similar_1_100/drop_11_20/similarity_score_with_cls_token_accuracy_drop_19_percent.txt,18.08743169398907,7320,732
experiments/drop_dis_similar_1_100/drop_11_20/similarity_score_with_cls_token_accuracy_drop_20_percent.txt,19.33242506811989,7340,734
experiments/drop_dis_similar_1_100/drop_1_10/similarity_score_with_cls_token_accuracy_drop_10_percent.txt,8.05,10000,1000
experiments/drop_dis_similar_1_100/drop_1_10/similarity_score_with_cls_token_accuracy_drop_1_percent.txt,0.36,10000,1000
experiments/drop_dis_similar_1_100/drop_1_10/similarity_score_with_cls_token_accuracy_drop_2_percent.txt,1.0999999999999999,10000,1000
experiments/drop_dis_similar_1_100/drop_1_10/similarity_score_with_cls_token_accuracy_drop_3_percent.txt,2.0,10000,1000
experiments/drop_dis_similar_1_100/drop_1_10/similarity_score_with_cls_token_accuracy_drop_4_percent.txt,2.42,10000,1000
experiments/drop_dis_similar_1_100/drop_1_10/similarity_score_with_cls_token_accuracy_drop_5_percent.txt,3.4299999999999997,10000,1000
experiments/drop_dis_similar_1_100/drop_1_10/similarity_score_with_cls_token_accuracy_drop_6_percent.txt,4.109999999999999,10000,1000
experiments/drop_dis_similar_1_100/drop_1_10/similarity_score_with_cls_token_accuracy_drop_7_percent.txt,5.13,10000,1000
experiments/drop_dis_similar_1_100/drop_1_10/similarity_score_with_cls_token_accuracy_drop_8_percent.txt,6.0600000000000005,10000,1000
experiments/drop_dis_similar_1_100/drop_1_10/similarity_score_with_cls_token_accuracy_drop_9_percent.txt,7.180000000000001,10000,1000
experiments/drop_dis_similar_1_100/drop_21_30/similarity_score_with_cls_token_accuracy_drop_21_percent.txt,20.54973821989529,7640,764
experiments/drop_dis_similar_1_100/drop_21_30/similarity_score_with_cls_token_accuracy_drop_22_percent.txt,22.161458333333332,7680,768
experiments/drop_dis_similar_1_100/drop_21_30/similarity_score_with_cls_token_accuracy_drop_23_percent.txt,23.333333333333332,7680,768
experiments/drop_dis_similar_1_100/drop_21_30/similarity_score_with_cls_token_accuracy_drop_24_percent.txt,24.410994764397905,7640,764
experiments/drop_dis_similar_1_100/drop_21_30/similarity_score_with_cls_token_accuracy_drop_25_percent.txt,25.533596837944668,7590,759
experiments/drop_dis_similar_1_100/drop_21_30/similarity_score_with_cls_token_accuracy_drop_26_percent.txt,26.8503937007874,7620,762
experiments/drop_dis_similar_1_100/drop_21_30/similarity_score_with_cls_token_accuracy_drop_27_percent.txt,28.138020833333332,7680,768
experiments/drop_dis_similar_1_100/drop_21_30/similarity_score_with_cls_token_accuracy_drop_28_percent.txt,29.308093994778066,7660,766
experiments/drop_dis_similar_1_100/drop_21_30/similarity_score_with_cls_token_accuracy_drop_29_percent.txt,29.96088657105606,7670,767
experiments/drop_dis_similar_1_100/drop_21_30/similarity_score_with_cls_token_accuracy_drop_30_percent.txt,31.098039215686274,7650,765
experiments/drop_dis_similar_1_100/drop_31_40/similarity_score_with_cls_token_accuracy_drop_31_percent.txt,32.3725834797891,5690,569
experiments/drop_dis_similar_1_100/drop_31_40/similarity_score_with_cls_token_accuracy_drop_32_percent.txt,33.43804537521815,5730,573
experiments/drop_dis_similar_1_100/drop_31_40/similarity_score_with_cls_token_accuracy_drop_33_percent.txt,34.20138888888889,5760,576
experiments/drop_dis_similar_1_100/drop_31_40/similarity_score_with_cls_token_accuracy_drop_34_percent.txt,34.91319444444444,5760,576
experiments/drop_dis_similar_1_100/drop_31_40/similarity_score_with_cls_token_accuracy_drop_35_percent.txt,35.91304347826087,5750,575
experiments/drop_dis_similar_1_100/drop_31_40/similarity_score_with_cls_token_accuracy_drop_36_percent.txt,37.06086956521739,5750,575
experiments/drop_dis_similar_1_100/drop_31_40/similarity_score_with_cls_token_accuracy_drop_37_percent.txt,38.00699300699301,5720,572
experiments/drop_dis_similar_1_100/drop_31_40/similarity_score_with_cls_token_accuracy_drop_38_percent.txt,38.86561954624782,5730,573
experiments/drop_dis_similar_1_100/drop_31_40/similarity_score_with_cls_token_accuracy_drop_39_percent.txt,40.10452961672474,5740,574
experiments/drop_dis_similar_1_100/drop_31_40/similarity_score_with_cls_token_accuracy_drop_40_percent.txt,41.68989547038328,5740,574
experiments/drop_dis_similar_1_100/drop_41_50/similarity_score_with_cls_token_accuracy_drop_41_percent.txt,43.00527240773286,5690,569
experiments/drop_dis_similar_1_100/drop_41_50/similarity_score_with_cls_token_accuracy_drop_42_percent.txt,44.52006980802793,5730,573
experiments/drop_dis_similar_1_100/drop_41_50/similarity_score_with_cls_token_accuracy_drop_43_percent.txt,45.13181019332161,5690,569
experiments/drop_dis_similar_1_100/drop_41_50/similarity_score_with_cls_token_accuracy_drop_44_percent.txt,46.063268892794376,5690,569
experiments/drop_dis_similar_1_100/drop_41_50/similarity_score_with_cls_token_accuracy_drop_45_percent.txt,47.14285714285714,5670,567
experiments/drop_dis_similar_1_100/drop_41_50/similarity_score_with_cls_token_accuracy_drop_46_percent.txt,48.07017543859649,5700,570
experiments/drop_dis_similar_1_100/drop_41_50/similarity_score_with_cls_token_accuracy_drop_47_percent.txt,49.13427561837456,5660,566
experiments/drop_dis_similar_1_100/drop_41_50/similarity_score_with_cls_token_accuracy_drop_48_percent.txt,50.28169014084507,5680,568
experiments/drop_dis_similar_1_100/drop_41_50/similarity_score_with_cls_token_accuracy_drop_49_percent.txt,51.62544169611307,5660,566
experiments/drop_dis_similar_1_100/drop_41_50/similarity_score_with_cls_token_accuracy_drop_50_percent.txt,52.29824561403509,5700,570
experiments/drop_dis_similar_tokens_on_layer_1_12/similarity_score_with_cls_token_accuracy_drop_50__percent_before_0_[].txt,51.970000000000006,10000,1000
experiments/drop_dis_similar_tokens_on_layer_1_12/similarity_score_with_cls_token_accuracy_drop_50__percent_layer_[0].txt,56.11000000000001,10000,1000
experiments/drop_dis_similar_tokens_on_layer_1_12/similarity_score_with_cls_token_accuracy_drop_50__percent_layer_[10].txt,82.26,10000,1000
experiments/drop_dis_similar_tokens_on_layer_1_12/similarity_score_with_cls_token_accuracy_drop_50__percent_layer_[11].txt,83.32000000000001,10000,1000
experiments/drop_dis_similar_tokens_on_layer_1_12/similarity_score_with_cls_token_accuracy_drop_50__percent_layer_[1].txt,74.75,10000,1000
experiments/drop_dis_similar_tokens_on_layer_1_12/similarity_score_with_cls_token_accuracy_drop_50__percent_layer_[2].txt,76.75999999999999,10000,1000
experiments/drop_dis_similar_tokens_on_layer_1_12/similarity_score_with_cls_token_accuracy_drop_50__percent_layer_[3].txt,78.08,10000,1000
experiments/drop_dis_similar_tokens_on_layer_1_12/similarity_score_with_cls_token_accuracy_drop_50__percent_layer_[4].txt,79.63,10000,1000
experiments/drop_dis_similar_tokens_on_layer_1_12/similarity_score_with_cls_token_accuracy_drop_50__percent_layer_[5].txt,78.48,10000,1000
experiments/drop_dis_similar_tokens_on_layer_1_12/similarity_score_with_cls_token_accuracy_drop_50__percent_layer_[6].txt,77.5,10000,1000
experiments/drop_dis_similar_tokens_on_layer_1_12/similarity_score_with_cls_token_accuracy_drop_50__percent_layer_[7].txt,80.24,10000,1000
experiments/drop_dis_similar_tokens_on_layer_1_12/similarity_score_with_cls_token_accuracy_drop_50__percent_layer_[8].txt,80.52,10000,1000
experiments/drop_dis_similar_tokens_on_layer_1_12/similarity_score_with_cls_token_accuracy_drop_50__percent_layer_[9].txt,79.64,10000,1000
experiments/invert_the_cls_then_skip_the_blocks_and/vit_base_smilarity_and_attention_15_15_15_15_correct.txt,0.0,350,145
experiments/replacing_cls_in_middle_layers/similarity_score_with_cls_token_accuracy_drop_50__percent_cls_replace_dissimilar_10[5].txt,72.29508196721312,610,61
experiments/replacing_cls_in_middle_layers/similarity_score_with_cls_token_accuracy_drop_50__percent_cls_replace_dissimilar_10[].txt,21.62162162162162,370,29
experiments/replacing_cls_with_dissimar_token/similarity_score_with_cls_token_accuracy_drop_50__percent_cls_replace[].txt,25.596330275229356,1090,143
experiments/replacing_cls_with_dissimar_token/similarity_score_with_cls_token_accuracy_drop_50__percent_cls_replace_with_1[].txt,25.03105590062112,1610,161
experiments/replacing_cls_with_dissimar_token/similarity_score_with_cls_token_accuracy_drop_50__percent_cls_replace_with_dis[].txt,82.37,10000,1092
experiments/similarity_and_attention/aggreagate_similarity/vit_base_smilarity_and_attention_15_15_15_15.txt,82.91,10000,1680
experiments/similarity_and_attention/aggreagate_similarity/vit_base_smilarity_and_attention_15_15_15_15_opy1.txt,81.14,10000,1000
experiments/similarity_and_attention/vit_base_smilarity_and_attention_15_15_15_15.txt,88.0,150,2022
experiments/similarity_and_attention/vit_base_smilarity_and_attention_15_15_15_15_correct.txt,82.69999999999999,10000,1000
experiments/similarity_and_attention/vit_base_smilarity_and_attention_25_25_25_25.txt,80.17,10000,2514
experiments/similarity_and_attention/vit_base_smilarity_and_attention_25_25_25_25_only_attention_and_similarity.txt,81.73,10000,1000
experiments/similarity_and_attention/vit_base_smilarity_and_attention_using_sim_merged_25_25_25_25-Copy1.txt,80.98360655737706,4270,427
experiments/similarity_and_attention/vit_base_smilarity_and_attention_using_sim_merged_25_25_25_25.txt,80.87,10000,1000
experiments/similarity_and_attention/vit_base_smilarity_and_attention_using_sim_merged_25_25_25_25__3_6_9.txt,81.49,10000,1011
experiments/similarity_and_attention/vit_base_smilarity_and_attention_using_sim_merged_25_25_25_25_argmin.txt,30.0,50,22
experiments/similarity_and_attention/vit_base_smilarity_and_attention_using_sim_merged_30_25_25_25__3_6_9.txt,81.49,10000,2000
experiments/similarity_and_similarity/similarity_score_with_cls_token_accuracy_drop_20_percent.txt,72.15,10000,1022
experiments/similarity_pruning_dynamic/vit_base_smilarity_and_attention_using_sim_merged_25_25_25_25.txt,16.666666666666664,660,99
experiments/visualization_similarity/similarity_score_with_cls_token_accuracy_drop_0_percent.txt,0.0,10,10
experiments/visualization_similarity/similarity_score_with_cls_token_accuracy_drop_10_percent.txt,0.0,10,2
experiments/visualization_similarity/visualization_of_all_the three_techniques/similarity_score_with_cls_token_accuracy_drop_0_percent.txt,0.0,10,1
experiments/vit_base_similarity_only/dynamic_pruning_using_similarity/similarity_score_with_cls_token_accuracy_drop_10_percent.txt,40.0,50,5
experiments/vit_base_similarity_only/new_experiment_results_29_march/clusturing_and_runing_clustering_1_10/similarity_score_with_cls_token_accuracy_drop_50+_one_merged_of_2_percent.txt,79.97999999999999,10000,1007
experiments/vit_base_similarity_only/new_experiment_results_29_march/clusturing_and_runing_clustering_1_10/similarity_score_with_cls_token_accuracy_drop_50+_one_merged_of_3_percent.txt,79.94,10000,1000
experiments/vit_base_similarity_only/new_experiment_results_29_march/clusturing_and_runing_clustering_1_10/similarity_score_with_cls_token_accuracy_drop_50+_one_merged_of_4_percent.txt,80.0,10000,1000
experiments/vit_base_similarity_only/new_experiment_results_29_march/clusturing_and_runing_clustering_1_10/similarity_score_with_cls_token_accuracy_drop_50+_one_merged_of_5_percent.txt,79.97,10000,1000
experiments/vit_base_similarity_only/new_experiment_results_29_march/clusturing_and_runing_clustering_1_10/similarity_score_with_cls_token_accuracy_drop_50+_one_merged_of_6_percent.txt,79.96,10000,1000
experiments/vit_base_similarity_only/new_experiment_results_29_march/clusturing_and_runing_clustering_1_10/similarity_score_with_cls_token_accuracy_drop_50+_one_merged_of_7_percent.txt,79.97999999999999,10000,1000
experiments/vit_base_similarity_only/new_experiment_results_29_march/clusturing_and_runing_clustering_1_10/similarity_score_with_cls_token_accuracy_drop_50+_one_merged_of_8_percent.txt,79.95,10000,2000
experiments/vit_base_similarity_only/new_experiment_results_29_march/pruning_and_merging_experiments/similarity_score_with_cls_token_accuracy_drop_50+_one_merged_of_10_percent.txt,79.62,10000,1000
experiments/vit_base_similarity_only/new_experiment_results_29_march/pruning_and_merging_experiments/similarity_score_with_cls_token_accuracy_drop_50+_one_merged_of_20_percent.txt,81.88596491228071,2280,2315
experiments/vit_base_similarity_only/new_experiment_results_29_march/pruning_and_merging_experiments/similarity_score_with_cls_token_accuracy_drop_50+_one_merged_of_5_percent.txt,73.75,80,1952
experiments/vit_base_similarity_only/new_experiment_results_29_march/similarity_score_with_cls_token_accuracy_drop_50_percent.txt,77.4,10000,1009
experiments/vit_base_similarity_only/new_experiment_results_29_march/similarity_score_with_cls_token_accuracy_drop_50_percent_0.90_extra_2_5_8.txt,78.73,10000,1000
experiments/vit_base_similarity_only/new_experiment_results_29_march/similarity_score_with_cls_token_accuracy_drop_50_percent_0.95_extra_2_5_8.txt,79.31,10000,1001
experiments/vit_base_similarity_only/similarity_score_with_cls_token_accuracy_drop15_percent.txt,83.36,10000,1000
experiments/vit_base_similarity_only/similarity_score_with_cls_token_accuracy_drop20_percent.txt,83.09,10000,1000
experiments/vit_base_similarity_only/similarity_score_with_cls_token_accuracy_drop25_percent.txt,82.86,10000,1000
experiments/vit_base_similarity_only/similarity_score_with_cls_token_accuracy_drop30_percent.txt,82.53,10000,1000
experiments/vit_base_similarity_only/similarity_score_with_cls_token_accuracy_drop35_percent.txt,81.89,10000,1000
experiments/vit_base_similarity_only/similarity_score_with_cls_token_accuracy_drop40_percent.txt,81.62,10000,1000
experiments/vit_base_similarity_only/similarity_score_with_cls_token_accuracy_drop45_percent.txt,80.83,10000,1000
experiments/vit_base_similarity_only/similarity_score_with_cls_token_accuracy_drop50_percent.txt,79.91,10000,1000
experiments/vit_base_similarity_only/similarity_score_with_cls_token_accuracy_drop55_percent.txt,78.97,10000,1000
experiments/vit_base_similarity_only/similarity_score_with_cls_token_accuracy_drop_0_percent.txt,83.32000000000001,10000,14198
experiments/vit_base_similarity_only/similarity_score_with_cls_token_accuracy_drop_10_percent.txt,79.62,10000,5634
experiments/vit_base_similarity_only/similarity_score_with_cls_token_accuracy_drop_20_percent.txt,82.0,50,19
experiments/vit_base_similarity_only/similarity_score_with_cls_token_accuracy_drop_30_percent.txt,78.47,10000,1075
experiments/vit_base_similarity_only/similarity_score_with_cls_token_accuracy_drop_50_percent.txt,79.06474820143885,1390,2223
experiments/vit_base_similarity_only/similarity_score_with_cls_token_accuracy_drop_60_percent.txt,77.41,10000,1000
experiments/vit_final/running_scriups/output/similarity_score_with_cls_token_accuracy_drop_10_percent-Copy1.txt,83.42,10000,1000
experiments/vit_final/running_scriups/output/similarity_score_with_cls_token_accuracy_drop_10_percent.txt,83.42,10000,1000
experiments/vit_final/running_scriups/output/similarity_score_with_cls_token_accuracy_drop_14_percent.txt,83.39999999999999,10000,1000
experiments/vit_final/running_scriups/output/similarity_score_with_cls_token_accuracy_drop_16_percent.txt,83.41,10000,1000
experiments/vit_final/running_scriups/output/similarity_score_with_cls_token_accuracy_drop_1_percent.txt,83.31,10000,1000
experiments/vit_final/running_scriups/output/similarity_score_with_cls_token_accuracy_drop_21_percent.txt,83.07,10000,1000
experiments/vit_final/running_scriups/output/similarity_score_with_cls_token_accuracy_drop_22_percent.txt,82.97,10000,1000
experiments/vit_final/running_scriups/output/similarity_score_with_cls_token_accuracy_drop_23_percent-Copy1.txt,83.11,10000,1000
experiments/vit_final/running_scriups/output/similarity_score_with_cls_token_accuracy_drop_23_percent.txt,83.11,10000,1000
experiments/vit_final/running_scriups/output/similarity_score_with_cls_token_accuracy_drop_27_percent.txt,82.76,10000,1000
experiments/vit_final/running_scriups/output/similarity_score_with_cls_token_accuracy_drop_29_percent.txt,82.65,10000,1000
experiments/vit_final/running_scriups/output/similarity_score_with_cls_token_accuracy_drop_2_percent.txt,83.36,10000,1000
experiments/vit_final/running_scriups/output/similarity_score_with_cls_token_accuracy_drop_32_percent-Copy1.txt,82.28999999999999,10000,1000
experiments/vit_final/running_scriups/output/similarity_score_with_cls_token_accuracy_drop_32_percent.txt,82.28999999999999,10000,1000
experiments/vit_final/running_scriups/output/similarity_score_with_cls_token_accuracy_drop_33_percent-Copy1.txt,82.06,10000,1000
experiments/vit_final/running_scriups/output/similarity_score_with_cls_token_accuracy_drop_33_percent.txt,82.06,10000,1000
experiments/vit_final/running_scriups/output/similarity_score_with_cls_token_accuracy_drop_37_percent.txt,81.74,10000,1000
experiments/vit_final/running_scriups/output/similarity_score_with_cls_token_accuracy_drop_3_percent-Copy1.txt,83.43,10000,1000
experiments/vit_final/running_scriups/output/similarity_score_with_cls_token_accuracy_drop_3_percent.txt,83.43,10000,1000
experiments/vit_final/running_scriups/output/similarity_score_with_cls_token_accuracy_drop_41_percent.txt,81.49,10000,1000
experiments/vit_final/running_scriups/output/similarity_score_with_cls_token_accuracy_drop_43_percent.txt,81.12,10000,1000
experiments/vit_final/running_scriups/output/similarity_score_with_cls_token_accuracy_drop_44_percent-Copy1.txt,80.99,10000,1000
experiments/vit_final/running_scriups/output/similarity_score_with_cls_token_accuracy_drop_44_percent.txt,80.99,10000,1000
experiments/vit_final/running_scriups/output/similarity_score_with_cls_token_accuracy_drop_46_percent-Copy1.txt,80.76,10000,1000
experiments/vit_final/running_scriups/output/similarity_score_with_cls_token_accuracy_drop_46_percent.txt,80.76,10000,1000
experiments/vit_final/running_scriups/output/similarity_score_with_cls_token_accuracy_drop_47_percent-Copy1.txt,80.64,10000,1000
experiments/vit_final/running_scriups/output/similarity_score_with_cls_token_accuracy_drop_47_percent.txt,80.64,10000,1000
experiments/vit_final/running_scriups/output/similarity_score_with_cls_token_accuracy_drop_49_percent.txt,79.99000000000001,10000,1000
experiments/vit_final/running_scriups/output/similarity_score_with_cls_token_accuracy_drop_4_percent.txt,83.47,10000,1000
experiments/vit_final/running_scriups/output/similarity_score_with_cls_token_accuracy_drop_53_percent-Copy1.txt,79.45,10000,1000
experiments/vit_final/running_scriups/output/similarity_score_with_cls_token_accuracy_drop_53_percent.txt,79.45,10000,1000
experiments/vit_final/running_scriups/output/similarity_score_with_cls_token_accuracy_drop_55_percent.txt,78.97,10000,1000
experiments/vit_final/running_scriups/output/similarity_score_with_cls_token_accuracy_drop_5_percent-Copy1.txt,83.48,10000,1000
experiments/vit_final/running_scriups/output/similarity_score_with_cls_token_accuracy_drop_5_percent.txt,83.64503816793894,5240,524
experiments/vit_final/running_scriups/output/similarity_score_with_cls_token_accuracy_drop_63_percent.txt,75.97,10000,1000
experiments/vit_final/running_scriups/output/similarity_score_with_cls_token_accuracy_drop_66_percent.txt,74.33,10000,1000
experiments/vit_final/running_scriups/output/similarity_score_with_cls_token_accuracy_drop_69_percent.txt,72.72999999999999,10000,1000
experiments/vit_final/running_scriups/output/similarity_score_with_cls_token_accuracy_drop_71_percent.txt,71.44,10000,1000
experiments/vit_final/running_scriups/output/similarity_score_with_cls_token_accuracy_drop_74_percent.txt,68.23,10000,1000
experiments/vit_final/running_scriups/output/similarity_score_with_cls_token_accuracy_drop_75_percent-Copy1.txt,66.84,10000,1000
experiments/vit_final/running_scriups/output/similarity_score_with_cls_token_accuracy_drop_75_percent.txt,66.84,10000,1000
experiments/vit_final/running_scriups/output/similarity_score_with_cls_token_accuracy_drop_76_percent.txt,65.91,10000,1000
experiments/vit_final/running_scriups/output/similarity_score_with_cls_token_accuracy_drop_78_percent.txt,62.6,10000,1000
experiments/vit_final/running_scriups/output/similarity_score_with_cls_token_accuracy_drop_79_percent.txt,60.81999999999999,10000,1000
experiments/vit_final/running_scriups/output/similarity_score_with_cls_token_accuracy_drop_80_percent.txt,58.79,10000,1000
experiments/vit_final/running_scriups/output/similarity_score_with_cls_token_accuracy_drop_84_percent.txt,49.19,10000,1000
experiments/vit_final/running_scriups/output/similarity_score_with_cls_token_accuracy_drop_86_percent.txt,43.65,10000,1000
experiments/vit_final/running_scriups/output/similarity_score_with_cls_token_accuracy_drop_90_percent.txt,30.220000000000002,10000,1000
experiments/vit_final/running_scriups/output/similarity_score_with_cls_token_accuracy_drop_97_percent.txt,4.82,10000,1000
experiments/vit_final/running_scriups/output/similarity_score_with_cls_token_accuracy_drop_99_percent.txt,0.26,10000,1000
experiments/vit_final/running_scriups/result_11_20_vit_base/similarity_score_with_cls_token_accuracy_drop_11_percent.txt,83.41,10000,1000
experiments/vit_final/running_scriups/result_11_20_vit_base/similarity_score_with_cls_token_accuracy_drop_12_percent.txt,83.43,10000,1000
experiments/vit_final/running_scriups/result_11_20_vit_base/similarity_score_with_cls_token_accuracy_drop_13_percent.txt,83.33,10000,1000
experiments/vit_final/running_scriups/result_11_20_vit_base/similarity_score_with_cls_token_accuracy_drop_14_percent.txt,83.39999999999999,10000,1000
experiments/vit_final/running_scriups/result_11_20_vit_base/similarity_score_with_cls_token_accuracy_drop_15_percent.txt,83.36,10000,1000
experiments/vit_final/running_scriups/result_11_20_vit_base/similarity_score_with_cls_token_accuracy_drop_16_percent.txt,83.41,10000,1000
experiments/vit_final/running_scriups/result_11_20_vit_base/similarity_score_with_cls_token_accuracy_drop_17_percent.txt,83.3,10000,1000
experiments/vit_final/running_scriups/result_11_20_vit_base/similarity_score_with_cls_token_accuracy_drop_18_percent.txt,83.21,10000,1000
experiments/vit_final/running_scriups/result_11_20_vit_base/similarity_score_with_cls_token_accuracy_drop_19_percent.txt,83.23,10000,1000
experiments/vit_final/running_scriups/result_11_20_vit_base/similarity_score_with_cls_token_accuracy_drop_20_percent.txt,83.09,10000,1000
experiments/vit_final/running_scriups/result_1_10_vit_base/similarity_score_with_cls_token_accuracy_drop_10_percent.txt,83.42,10000,1000
experiments/vit_final/running_scriups/result_1_10_vit_base/similarity_score_with_cls_token_accuracy_drop_1_percent.txt,83.31,10000,1000
experiments/vit_final/running_scriups/result_1_10_vit_base/similarity_score_with_cls_token_accuracy_drop_2_percent.txt,83.36,10000,1000
experiments/vit_final/running_scriups/result_1_10_vit_base/similarity_score_with_cls_token_accuracy_drop_3_percent.txt,83.43,10000,1000
experiments/vit_final/running_scriups/result_1_10_vit_base/similarity_score_with_cls_token_accuracy_drop_4_percent.txt,83.47,10000,1000
experiments/vit_final/running_scriups/result_1_10_vit_base/similarity_score_with_cls_token_accuracy_drop_5_percent.txt,83.48,10000,1000
experiments/vit_final/running_scriups/result_1_10_vit_base/similarity_score_with_cls_token_accuracy_drop_6_percent.txt,83.53,10000,1000
experiments/vit_final/running_scriups/result_1_10_vit_base/similarity_score_with_cls_token_accuracy_drop_7_percent.txt,83.52000000000001,10000,1000
experiments/vit_final/running_scriups/result_1_10_vit_base/similarity_score_with_cls_token_accuracy_drop_8_percent.txt,83.5,10000,1000
experiments/vit_final/running_scriups/result_1_10_vit_base/similarity_score_with_cls_token_accuracy_drop_9_percent.txt,83.50999999999999,10000,1000
experiments/vit_final/running_scriups/result_21_30_vit_base/similarity_score_with_cls_token_accuracy_drop_21_percent.txt,83.07,10000,1000
experiments/vit_final/running_scriups/result_21_30_vit_base/similarity_score_with_cls_token_accuracy_drop_22_percent.txt,82.97,10000,1000
experiments/vit_final/running_scriups/result_21_30_vit_base/similarity_score_with_cls_token_accuracy_drop_23_percent.txt,83.11,10000,1000
experiments/vit_final/running_scriups/result_21_30_vit_base/similarity_score_with_cls_token_accuracy_drop_24_percent.txt,82.96,10000,1000
experiments/vit_final/running_scriups/result_21_30_vit_base/similarity_score_with_cls_token_accuracy_drop_25_percent.txt,82.86,10000,1000
experiments/vit_final/running_scriups/result_21_30_vit_base/similarity_score_with_cls_token_accuracy_drop_26_percent.txt,82.91,10000,1000
experiments/vit_final/running_scriups/result_21_30_vit_base/similarity_score_with_cls_token_accuracy_drop_27_percent.txt,82.76,10000,1000
experiments/vit_final/running_scriups/result_21_30_vit_base/similarity_score_with_cls_token_accuracy_drop_28_percent.txt,82.63000000000001,10000,1000
experiments/vit_final/running_scriups/result_21_30_vit_base/similarity_score_with_cls_token_accuracy_drop_29_percent.txt,82.65,10000,1000
experiments/vit_final/running_scriups/result_21_30_vit_base/similarity_score_with_cls_token_accuracy_drop_30_percent.txt,82.53,10000,1000
experiments/vit_final/running_scriups/result_31_40_vit_base/similarity_score_with_cls_token_accuracy_drop_31_percent.txt,82.45,10000,1000
experiments/vit_final/running_scriups/result_31_40_vit_base/similarity_score_with_cls_token_accuracy_drop_32_percent.txt,82.28999999999999,10000,1000
experiments/vit_final/running_scriups/result_31_40_vit_base/similarity_score_with_cls_token_accuracy_drop_33_percent.txt,82.06,10000,1000
experiments/vit_final/running_scriups/result_31_40_vit_base/similarity_score_with_cls_token_accuracy_drop_34_percent.txt,82.01,10000,1000
experiments/vit_final/running_scriups/result_31_40_vit_base/similarity_score_with_cls_token_accuracy_drop_35_percent.txt,81.89,10000,1000
experiments/vit_final/running_scriups/result_31_40_vit_base/similarity_score_with_cls_token_accuracy_drop_36_percent.txt,81.85,10000,1000
experiments/vit_final/running_scriups/result_31_40_vit_base/similarity_score_with_cls_token_accuracy_drop_37_percent.txt,81.74,10000,1000
experiments/vit_final/running_scriups/result_31_40_vit_base/similarity_score_with_cls_token_accuracy_drop_38_percent.txt,81.72,10000,1000
experiments/vit_final/running_scriups/result_31_40_vit_base/similarity_score_with_cls_token_accuracy_drop_39_percent.txt,81.66,10000,1000
experiments/vit_final/running_scriups/result_31_40_vit_base/similarity_score_with_cls_token_accuracy_drop_40_percent.txt,81.62,10000,1000
experiments/vit_final/running_scriups/result_41_50_vit_base/similarity_score_with_cls_token_accuracy_drop_41_percent.txt,81.49,10000,1000
experiments/vit_final/running_scriups/result_41_50_vit_base/similarity_score_with_cls_token_accuracy_drop_42_percent.txt,81.19,10000,1000
experiments/vit_final/running_scriups/result_41_50_vit_base/similarity_score_with_cls_token_accuracy_drop_43_percent.txt,81.12,10000,1000
experiments/vit_final/running_scriups/result_41_50_vit_base/similarity_score_with_cls_token_accuracy_drop_44_percent.txt,80.99,10000,1000
experiments/vit_final/running_scriups/result_41_50_vit_base/similarity_score_with_cls_token_accuracy_drop_45_percent.txt,80.83,10000,1000
experiments/vit_final/running_scriups/result_41_50_vit_base/similarity_score_with_cls_token_accuracy_drop_46_percent.txt,80.76,10000,1000
experiments/vit_final/running_scriups/result_41_50_vit_base/similarity_score_with_cls_token_accuracy_drop_47_percent.txt,80.64,10000,1000
experiments/vit_final/running_scriups/result_41_50_vit_base/similarity_score_with_cls_token_accuracy_drop_48_percent.txt,80.33,10000,1000
experiments/vit_final/running_scriups/result_41_50_vit_base/similarity_score_with_cls_token_accuracy_drop_49_percent.txt,79.99000000000001,10000,1000
experiments/vit_final/running_scriups/result_41_50_vit_base/similarity_score_with_cls_token_accuracy_drop_50_percent.txt,79.91,10000,1000
experiments/vit_final/running_scriups/result_51_60_vit_base/similarity_score_with_cls_token_accuracy_drop_51_percent.txt,79.67999999999999,10000,1000
experiments/vit_final/running_scriups/result_51_60_vit_base/similarity_score_with_cls_token_accuracy_drop_52_percent.txt,79.63,10000,1000
experiments/vit_final/running_scriups/result_51_60_vit_base/similarity_score_with_cls_token_accuracy_drop_53_percent.txt,79.45,10000,1000
experiments/vit_final/running_scriups/result_51_60_vit_base/similarity_score_with_cls_token_accuracy_drop_54_percent.txt,79.29,10000,1000
experiments/vit_final/running_scriups/result_51_60_vit_base/similarity_score_with_cls_token_accuracy_drop_55_percent.txt,78.97,10000,1000
experiments/vit_final/running_scriups/result_51_60_vit_base/similarity_score_with_cls_token_accuracy_drop_56_percent.txt,78.7,10000,1000
experiments/vit_final/running_scriups/result_51_60_vit_base/similarity_score_with_cls_token_accuracy_drop_57_percent.txt,78.4,10000,1000
experiments/vit_final/running_scriups/result_51_60_vit_base/similarity_score_with_cls_token_accuracy_drop_58_percent.txt,78.16,10000,1000
experiments/vit_final/running_scriups/result_51_60_vit_base/similarity_score_with_cls_token_accuracy_drop_59_percent.txt,77.7,10000,1000
experiments/vit_final/running_scriups/result_51_60_vit_base/similarity_score_with_cls_token_accuracy_drop_60_percent.txt,77.41,10000,1000
experiments/vit_final/running_scriups/result_61_71_vit_base/similarity_score_with_cls_token_accuracy_drop_61_percent.txt,76.89,10000,1000
experiments/vit_final/running_scriups/result_61_71_vit_base/similarity_score_with_cls_token_accuracy_drop_62_percent.txt,76.58,10000,1000
experiments/vit_final/running_scriups/result_61_71_vit_base/similarity_score_with_cls_token_accuracy_drop_63_percent.txt,75.97,10000,1000
experiments/vit_final/running_scriups/result_61_71_vit_base/similarity_score_with_cls_token_accuracy_drop_64_percent.txt,75.44999999999999,10000,1000
experiments/vit_final/running_scriups/result_61_71_vit_base/similarity_score_with_cls_token_accuracy_drop_65_percent.txt,74.91,10000,1000
experiments/vit_final/running_scriups/result_61_71_vit_base/similarity_score_with_cls_token_accuracy_drop_66_percent.txt,74.33,10000,1000
experiments/vit_final/running_scriups/result_61_71_vit_base/similarity_score_with_cls_token_accuracy_drop_67_percent.txt,73.98,10000,1000
experiments/vit_final/running_scriups/result_61_71_vit_base/similarity_score_with_cls_token_accuracy_drop_68_percent.txt,73.15,10000,1000
experiments/vit_final/running_scriups/result_61_71_vit_base/similarity_score_with_cls_token_accuracy_drop_69_percent.txt,72.72999999999999,10000,1000
experiments/vit_final/running_scriups/result_61_71_vit_base/similarity_score_with_cls_token_accuracy_drop_70_percent.txt,71.92,10000,1034
experiments/vit_final/running_scriups/result_70_80_vit_base/similarity_score_with_cls_token_accuracy_drop_71_percent.txt,71.44,10000,1000
experiments/vit_final/running_scriups/result_70_80_vit_base/similarity_score_with_cls_token_accuracy_drop_72_percent.txt,70.36,10000,1000
experiments/vit_final/running_scriups/result_70_80_vit_base/similarity_score_with_cls_token_accuracy_drop_73_percent.txt,69.31,10000,1000
experiments/vit_final/running_scriups/result_70_80_vit_base/similarity_score_with_cls_token_accuracy_drop_74_percent.txt,68.23,10000,1000
experiments/vit_final/running_scriups/result_70_80_vit_base/similarity_score_with_cls_token_accuracy_drop_75_percent.txt,66.84,10000,1000
experiments/vit_final/running_scriups/result_70_80_vit_base/similarity_score_with_cls_token_accuracy_drop_76_percent.txt,65.91,10000,1000
experiments/vit_final/running_scriups/result_70_80_vit_base/similarity_score_with_cls_token_accuracy_drop_77_percent.txt,64.11,10000,1000
experiments/vit_final/running_scriups/result_70_80_vit_base/similarity_score_with_cls_token_accuracy_drop_78_percent.txt,62.6,10000,1000
experiments/vit_final/running_scriups/result_70_80_vit_base/similarity_score_with_cls_token_accuracy_drop_79_percent.txt,60.81999999999999,10000,1000
experiments/vit_final/running_scriups/result_70_80_vit_base/similarity_score_with_cls_token_accuracy_drop_80_percent.txt,58.79,10000,1000
experiments/vit_final/running_scriups/result_80_90_vit_base/similarity_score_with_cls_token_accuracy_drop_81_percent.txt,56.71000000000001,10000,1000
experiments/vit_final/running_scriups/result_80_90_vit_base/similarity_score_with_cls_token_accuracy_drop_82_percent.txt,54.63,10000,1000
experiments/vit_final/running_scriups/result_80_90_vit_base/similarity_score_with_cls_token_accuracy_drop_83_percent.txt,52.15,10000,1000
experiments/vit_final/running_scriups/result_80_90_vit_base/similarity_score_with_cls_token_accuracy_drop_84_percent.txt,49.19,10000,1000
experiments/vit_final/running_scriups/result_80_90_vit_base/similarity_score_with_cls_token_accuracy_drop_85_percent.txt,46.54,10000,1000
experiments/vit_final/running_scriups/result_80_90_vit_base/similarity_score_with_cls_token_accuracy_drop_86_percent.txt,43.65,10000,1000
experiments/vit_final/running_scriups/result_80_90_vit_base/similarity_score_with_cls_token_accuracy_drop_87_percent.txt,40.160000000000004,10000,1000
experiments/vit_final/running_scriups/result_80_90_vit_base/similarity_score_with_cls_token_accuracy_drop_88_percent.txt,37.35,10000,1000
experiments/vit_final/running_scriups/result_80_90_vit_base/similarity_score_with_cls_token_accuracy_drop_89_percent.txt,33.87,10000,1000
experiments/vit_final/running_scriups/result_80_90_vit_base/similarity_score_with_cls_token_accuracy_drop_90_percent.txt,30.220000000000002,10000,1000
experiments/vit_final/running_scriups/result_90_100_vit_base/similarity_score_with_cls_token_accuracy_drop_91_percent.txt,26.979999999999997,10000,1000
experiments/vit_final/running_scriups/result_90_100_vit_base/similarity_score_with_cls_token_accuracy_drop_92_percent.txt,22.93,10000,1000
experiments/vit_final/running_scriups/result_90_100_vit_base/similarity_score_with_cls_token_accuracy_drop_93_percent.txt,18.78,10000,1000
experiments/vit_final/running_scriups/result_90_100_vit_base/similarity_score_with_cls_token_accuracy_drop_94_percent.txt,15.040000000000001,10000,1000
experiments/vit_final/running_scriups/result_90_100_vit_base/similarity_score_with_cls_token_accuracy_drop_95_percent.txt,11.57,10000,1000
experiments/vit_final/running_scriups/result_90_100_vit_base/similarity_score_with_cls_token_accuracy_drop_96_percent.txt,8.540000000000001,10000,1000
experiments/vit_final/running_scriups/result_90_100_vit_base/similarity_score_with_cls_token_accuracy_drop_97_percent.txt,4.82,10000,1000
experiments/vit_final/running_scriups/result_90_100_vit_base/similarity_score_with_cls_token_accuracy_drop_98_percent.txt,2.33,10000,1000
experiments/vit_final/running_scriups/result_90_100_vit_base/similarity_score_with_cls_token_accuracy_drop_99_percent.txt,0.26,10000,1000
experiments/vit_final/running_scriups/vit_base_results_similarity/similarity_score_with_cls_token_accuracy_drop_10_percent.txt,83.42,10000,1000
experiments/vit_final/running_scriups/vit_base_results_similarity/similarity_score_with_cls_token_accuracy_drop_11_percent.txt,83.41,10000,1000
experiments/vit_final/running_scriups/vit_base_results_similarity/similarity_score_with_cls_token_accuracy_drop_12_percent.txt,83.43,10000,1000
experiments/vit_final/running_scriups/vit_base_results_similarity/similarity_score_with_cls_token_accuracy_drop_13_percent.txt,83.33,10000,1000
experiments/vit_final/running_scriups/vit_base_results_similarity/similarity_score_with_cls_token_accuracy_drop_14_percent.txt,83.39999999999999,10000,1000
experiments/vit_final/running_scriups/vit_base_results_similarity/similarity_score_with_cls_token_accuracy_drop_15_percent.txt,83.36,10000,1000
experiments/vit_final/running_scriups/vit_base_results_similarity/similarity_score_with_cls_token_accuracy_drop_16_percent.txt,83.41,10000,1000
experiments/vit_final/running_scriups/vit_base_results_similarity/similarity_score_with_cls_token_accuracy_drop_17_percent.txt,83.3,10000,1000
experiments/vit_final/running_scriups/vit_base_results_similarity/similarity_score_with_cls_token_accuracy_drop_18_percent.txt,83.21,10000,1000
experiments/vit_final/running_scriups/vit_base_results_similarity/similarity_score_with_cls_token_accuracy_drop_19_percent.txt,83.23,10000,1000
experiments/vit_final/running_scriups/vit_base_results_similarity/similarity_score_with_cls_token_accuracy_drop_1_percent.txt,83.31,10000,1000
experiments/vit_final/running_scriups/vit_base_results_similarity/similarity_score_with_cls_token_accuracy_drop_20_percent.txt,83.09,10000,1000
experiments/vit_final/running_scriups/vit_base_results_similarity/similarity_score_with_cls_token_accuracy_drop_21_percent.txt,83.07,10000,1000
experiments/vit_final/running_scriups/vit_base_results_similarity/similarity_score_with_cls_token_accuracy_drop_22_percent.txt,82.97,10000,1000
experiments/vit_final/running_scriups/vit_base_results_similarity/similarity_score_with_cls_token_accuracy_drop_23_percent.txt,83.11,10000,1000
experiments/vit_final/running_scriups/vit_base_results_similarity/similarity_score_with_cls_token_accuracy_drop_24_percent.txt,82.96,10000,1000
experiments/vit_final/running_scriups/vit_base_results_similarity/similarity_score_with_cls_token_accuracy_drop_25_percent.txt,82.86,10000,1000
experiments/vit_final/running_scriups/vit_base_results_similarity/similarity_score_with_cls_token_accuracy_drop_26_percent.txt,82.91,10000,1000
experiments/vit_final/running_scriups/vit_base_results_similarity/similarity_score_with_cls_token_accuracy_drop_27_percent.txt,82.76,10000,1000
experiments/vit_final/running_scriups/vit_base_results_similarity/similarity_score_with_cls_token_accuracy_drop_28_percent.txt,82.63000000000001,10000,1000
experiments/vit_final/running_scriups/vit_base_results_similarity/similarity_score_with_cls_token_accuracy_drop_29_percent.txt,82.65,10000,1000
experiments/vit_final/running_scriups/vit_base_results_similarity/similarity_score_with_cls_token_accuracy_drop_2_percent.txt,83.36,10000,1000
experiments/vit_final/running_scriups/vit_base_results_similarity/similarity_score_with_cls_token_accuracy_drop_30_percent.txt,82.53,10000,1000
experiments/vit_final/running_scriups/vit_base_results_similarity/similarity_score_with_cls_token_accuracy_drop_31_percent.txt,82.45,10000,1000
experiments/vit_final/running_scriups/vit_base_results_similarity/similarity_score_with_cls_token_accuracy_drop_32_percent.txt,82.28999999999999,10000,1000
experiments/vit_final/running_scriups/vit_base_results_similarity/similarity_score_with_cls_token_accuracy_drop_33_percent.txt,82.06,10000,1000
experiments/vit_final/running_scriups/vit_base_results_similarity/similarity_score_with_cls_token_accuracy_drop_34_percent.txt,82.01,10000,1000
experiments/vit_final/running_scriups/vit_base_results_similarity/similarity_score_with_cls_token_accuracy_drop_35_percent.txt,81.89,10000,1000
experiments/vit_final/running_scriups/vit_base_results_similarity/similarity_score_with_cls_token_accuracy_drop_36_percent.txt,81.85,10000,1000
experiments/vit_final/running_scriups/vit_base_results_similarity/similarity_score_with_cls_token_accuracy_drop_37_percent.txt,81.74,10000,1000
experiments/vit_final/running_scriups/vit_base_results_similarity/similarity_score_with_cls_token_accuracy_drop_38_percent.txt,81.72,10000,1000
experiments/vit_final/running_scriups/vit_base_results_similarity/similarity_score_with_cls_token_accuracy_drop_39_percent.txt,81.66,10000,1000
experiments/vit_final/running_scriups/vit_base_results_similarity/similarity_score_with_cls_token_accuracy_drop_3_percent.txt,83.43,10000,1000
experiments/vit_final/running_scriups/vit_base_results_similarity/similarity_score_with_cls_token_accuracy_drop_40_percent.txt,81.62,10000,1000
experiments/vit_final/running_scriups/vit_base_results_similarity/similarity_score_with_cls_token_accuracy_drop_41_percent.txt,81.49,10000,1000
experiments/vit_final/running_scriups/vit_base_results_similarity/similarity_score_with_cls_token_accuracy_drop_42_percent.txt,81.19,10000,1000
experiments/vit_final/running_scriups/vit_base_results_similarity/similarity_score_with_cls_token_accuracy_drop_43_percent.txt,81.12,10000,1000
experiments/vit_final/running_scriups/vit_base_results_similarity/similarity_score_with_cls_token_accuracy_drop_44_percent.txt,80.99,10000,1000
experiments/vit_final/running_scriups/vit_base_results_similarity/similarity_score_with_cls_token_accuracy_drop_45_percent.txt,80.83,10000,1000
experiments/vit_final/running_scriups/vit_base_results_similarity/similarity_score_with_cls_token_accuracy_drop_46_percent.txt,80.76,10000,1000
experiments/vit_final/running_scriups/vit_base_results_similarity/similarity_score_with_cls_token_accuracy_drop_47_percent.txt,80.64,10000,1000
experiments/vit_final/running_scriups/vit_base_results_similarity/similarity_score_with_cls_token_accuracy_drop_48_percent.txt,80.33,10000,1000
experiments/vit_final/running_scriups/vit_base_results_similarity/similarity_score_with_cls_token_accuracy_drop_49_percent.txt,79.99000000000001,10000,1000
experiments/vit_final/running_scriups/vit_base_results_similarity/similarity_score_with_cls_token_accuracy_drop_4_percent.txt,83.47,10000,1000
experiments/vit_final/running_scriups/vit_base_results_similarity/similarity_score_with_cls_token_accuracy_drop_50_percent.txt,79.91,10000,1000
experiments/vit_final/running_scriups/vit_base_results_similarity/similarity_score_with_cls_token_accuracy_drop_51_percent.txt,79.67999999999999,10000,1000
experiments/vit_final/running_scriups/vit_base_results_similarity/similarity_score_with_cls_token_accuracy_drop_52_percent.txt,79.63,10000,1000
experiments/vit_final/running_scriups/vit_base_results_similarity/similarity_score_with_cls_token_accuracy_drop_53_percent.txt,79.45,10000,1000
experiments/vit_final/running_scriups/vit_base_results_similarity/similarity_score_with_cls_token_accuracy_drop_54_percent.txt,79.29,10000,1000
experiments/vit_final/running_scriups/vit_base_results_similarity/similarity_score_with_cls_token_accuracy_drop_55_percent.txt,78.97,10000,1000
experiments/vit_final/running_scriups/vit_base_results_similarity/similarity_score_with_cls_token_accuracy_drop_56_percent.txt,78.7,10000,1000
experiments/vit_final/running_scriups/vit_base_results_similarity/similarity_score_with_cls_token_accuracy_drop_57_percent.txt,78.4,10000,1000
experiments/vit_final/running_scriups/vit_base_results_similarity/similarity_score_with_cls_token_accuracy_drop_58_percent.txt,78.16,10000,1000
experiments/vit_final/running_scriups/vit_base_results_similarity/similarity_score_with_cls_token_accuracy_drop_59_percent.txt,77.7,10000,1000
experiments/vit_final/running_scriups/vit_base_results_similarity/similarity_score_with_cls_token_accuracy_drop_5_percent.txt,83.48,10000,1000
experiments/vit_final/running_scriups/vit_base_results_similarity/similarity_score_with_cls_token_accuracy_drop_60_percent.txt,77.41,10000,1000
experiments/vit_final/running_scriups/vit_base_results_similarity/similarity_score_with_cls_token_accuracy_drop_61_percent.txt,76.89,10000,1000
experiments/vit_final/running_scriups/vit_base_results_similarity/similarity_score_with_cls_token_accuracy_drop_62_percent.txt,76.58,10000,1000
experiments/vit_final/running_scriups/vit_base_results_similarity/similarity_score_with_cls_token_accuracy_drop_63_percent.txt,75.97,10000,1000
experiments/vit_final/running_scriups/vit_base_results_similarity/similarity_score_with_cls_token_accuracy_drop_64_percent.txt,75.44999999999999,10000,1000
experiments/vit_final/running_scriups/vit_base_results_similarity/similarity_score_with_cls_token_accuracy_drop_65_percent.txt,74.91,10000,1000
experiments/vit_final/running_scriups/vit_base_results_similarity/similarity_score_with_cls_token_accuracy_drop_66_percent.txt,74.33,10000,1000
experiments/vit_final/running_scriups/vit_base_results_similarity/similarity_score_with_cls_token_accuracy_drop_67_percent.txt,73.98,10000,1000
experiments/vit_final/running_scriups/vit_base_results_similarity/similarity_score_with_cls_token_accuracy_drop_68_percent.txt,73.15,10000,1000
experiments/vit_final/running_scriups/vit_base_results_similarity/similarity_score_with_cls_token_accuracy_drop_69_percent.txt,72.72999999999999,10000,1000
experiments/vit_final/running_scriups/vit_base_results_similarity/similarity_score_with_cls_token_accuracy_drop_6_percent.txt,83.53,10000,1000
experiments/vit_final/running_scriups/vit_base_results_similarity/similarity_score_with_cls_token_accuracy_drop_70_percent.txt,71.92,10000,1034
experiments/vit_final/running_scriups/vit_base_results_similarity/similarity_score_with_cls_token_accuracy_drop_71_percent.txt,71.44,10000,1000
experiments/vit_final/running_scriups/vit_base_results_similarity/similarity_score_with_cls_token_accuracy_drop_72_percent.txt,70.36,10000,1000
experiments/vit_final/running_scriups/vit_base_results_similarity/similarity_score_with_cls_token_accuracy_drop_73_percent.txt,69.31,10000,1000
experiments/vit_final/running_scriups/vit_base_results_similarity/similarity_score_with_cls_token_accuracy_drop_74_percent.txt,68.23,10000,1000
experiments/vit_final/running_scriups/vit_base_results_similarity/similarity_score_with_cls_token_accuracy_drop_75_percent.txt,66.84,10000,1000
experiments/vit_final/running_scriups/vit_base_results_similarity/similarity_score_with_cls_token_accuracy_drop_76_percent.txt,65.91,10000,1000
experiments/vit_final/running_scriups/vit_base_results_similarity/similarity_score_with_cls_token_accuracy_drop_77_percent.txt,64.11,10000,1000
experiments/vit_final/running_scriups/vit_base_results_similarity/similarity_score_with_cls_token_accuracy_drop_78_percent.txt,62.6,10000,1000
experiments/vit_final/running_scriups/vit_base_results_similarity/similarity_score_with_cls_token_accuracy_drop_79_percent.txt,60.81999999999999,10000,1000
experiments/vit_final/running_scriups/vit_base_results_similarity/similarity_score_with_cls_token_accuracy_drop_7_percent.txt,83.52000000000001,10000,1000
experiments/vit_final/running_scriups/vit_base_results_similarity/similarity_score_with_cls_token_accuracy_drop_80_percent.txt,58.79,10000,1000
experiments/vit_final/running_scriups/vit_base_results_similarity/similarity_score_with_cls_token_accuracy_drop_81_percent.txt,56.71000000000001,10000,1000
experiments/vit_final/running_scriups/vit_base_results_similarity/similarity_score_with_cls_token_accuracy_drop_82_percent.txt,54.63,10000,1000
experiments/vit_final/running_scriups/vit_base_results_similarity/similarity_score_with_cls_token_accuracy_drop_83_percent.txt,52.15,10000,1000
experiments/vit_final/running_scriups/vit_base_results_similarity/similarity_score_with_cls_token_accuracy_drop_84_percent.txt,49.19,10000,1000
experiments/vit_final/running_scriups/vit_base_results_similarity/similarity_score_with_cls_token_accuracy_drop_85_percent.txt,46.54,10000,1000
experiments/vit_final/running_scriups/vit_base_results_similarity/similarity_score_with_cls_token_accuracy_drop_86_percent.txt,43.65,10000,1000
experiments/vit_final/running_scriups/vit_base_results_similarity/similarity_score_with_cls_token_accuracy_drop_87_percent.txt,40.160000000000004,10000,1000
experiments/vit_final/running_scriups/vit_base_results_similarity/similarity_score_with_cls_token_accuracy_drop_88_percent.txt,37.35,10000,1000
experiments/vit_final/running_scriups/vit_base_results_similarity/similarity_score_with_cls_token_accuracy_drop_89_percent.txt,33.87,10000,1000
experiments/vit_final/running_scriups/vit_base_results_similarity/similarity_score_with_cls_token_accuracy_drop_8_percent.txt,83.5,10000,1000
experiments/vit_final/running_scriups/vit_base_results_similarity/similarity_score_with_cls_token_accuracy_drop_90_percent.txt,30.220000000000002,10000,1000
experiments/vit_final/running_scriups/vit_base_results_similarity/similarity_score_with_cls_token_accuracy_drop_91_percent.txt,26.979999999999997,10000,1000
experiments/vit_final/running_scriups/vit_base_results_similarity/similarity_score_with_cls_token_accuracy_drop_92_percent.txt,22.93,10000,1000
experiments/vit_final/running_scriups/vit_base_results_similarity/similarity_score_with_cls_token_accuracy_drop_93_percent.txt,18.78,10000,1000
experiments/vit_final/running_scriups/vit_base_results_similarity/similarity_score_with_cls_token_accuracy_drop_94_percent.txt,15.040000000000001,10000,1000
experiments/vit_final/running_scriups/vit_base_results_similarity/similarity_score_with_cls_token_accuracy_drop_95_percent.txt,11.57,10000,1000
experiments/vit_final/running_scriups/vit_base_results_similarity/similarity_score_with_cls_token_accuracy_drop_96_percent.txt,8.540000000000001,10000,1000
experiments/vit_final/running_scriups/vit_base_results_similarity/similarity_score_with_cls_token_accuracy_drop_97_percent.txt,4.82,10000,1000
experiments/vit_final/running_scriups/vit_base_results_similarity/similarity_score_with_cls_token_accuracy_drop_98_percent.txt,2.33,10000,1000
experiments/vit_final/running_scriups/vit_base_results_similarity/similarity_score_with_cls_token_accuracy_drop_99_percent.txt,0.26,10000,1000
experiments/vit_final/running_scriups/vit_base_results_similarity/similarity_score_with_cls_token_accuracy_drop_9_percent.txt,83.50999999999999,10000,1000
experiments/vit_final/similarity_score_with_cls_token_accuracy_drop_10_percent.txt,83.42,10000,1000
experiments/vit_final/similarity_score_with_cls_token_accuracy_drop_12_percent.txt,83.43,10000,1000
experiments/vit_final/similarity_score_with_cls_token_accuracy_drop_16_percent.txt,83.41,10000,1000
experiments/vit_final/similarity_score_with_cls_token_accuracy_drop_17_percent.txt,83.3,10000,1000
experiments/vit_final/similarity_score_with_cls_token_accuracy_drop_1_percent.txt,83.31,10000,1000
experiments/vit_final/similarity_score_with_cls_token_accuracy_drop_21_percent.txt,83.07,10000,1000
experiments/vit_final/similarity_score_with_cls_token_accuracy_drop_22_percent.txt,82.97,10000,1000
experiments/vit_final/similarity_score_with_cls_token_accuracy_drop_23_percent.txt,83.11,10000,1000
experiments/vit_final/similarity_score_with_cls_token_accuracy_drop_25_percent.txt,82.86,10000,1000
experiments/vit_final/similarity_score_with_cls_token_accuracy_drop_27_percent.txt,82.76,10000,1000
experiments/vit_final/similarity_score_with_cls_token_accuracy_drop_28_percent.txt,82.63000000000001,10000,1000
experiments/vit_final/similarity_score_with_cls_token_accuracy_drop_2_percent.txt,83.36,10000,1000
experiments/vit_final/similarity_score_with_cls_token_accuracy_drop_30_percent.txt,82.53,10000,1000
experiments/vit_final/similarity_score_with_cls_token_accuracy_drop_32_percent.txt,82.28999999999999,10000,1000
experiments/vit_final/similarity_score_with_cls_token_accuracy_drop_33_percent.txt,82.06,10000,1000
experiments/vit_final/similarity_score_with_cls_token_accuracy_drop_34_percent.txt,82.01,10000,1000
experiments/vit_final/similarity_score_with_cls_token_accuracy_drop_36_percent.txt,81.85,10000,1000
experiments/vit_final/similarity_score_with_cls_token_accuracy_drop_38_percent.txt,81.72,10000,1000
experiments/vit_final/similarity_score_with_cls_token_accuracy_drop_39_percent.txt,81.66,10000,1000
experiments/vit_final/similarity_score_with_cls_token_accuracy_drop_3_percent.txt,83.43,10000,1000
experiments/vit_final/similarity_score_with_cls_token_accuracy_drop_41_percent.txt,81.49,10000,1000
experiments/vit_final/similarity_score_with_cls_token_accuracy_drop_43_percent.txt,81.12,10000,1000
experiments/vit_final/similarity_score_with_cls_token_accuracy_drop_44_percent.txt,80.99,10000,1000
experiments/vit_final/similarity_score_with_cls_token_accuracy_drop_46_percent.txt,80.76,10000,1000
experiments/vit_final/similarity_score_with_cls_token_accuracy_drop_47_percent.txt,80.64,10000,1000
experiments/vit_final/similarity_score_with_cls_token_accuracy_drop_49_percent.txt,79.99000000000001,10000,1000
experiments/vit_final/similarity_score_with_cls_token_accuracy_drop_4_percent.txt,83.47,10000,1000
experiments/vit_final/similarity_score_with_cls_token_accuracy_drop_50_percent.txt,79.91,10000,1000
experiments/vit_final/similarity_score_with_cls_token_accuracy_drop_52_percent.txt,79.63,10000,1000
experiments/vit_final/similarity_score_with_cls_token_accuracy_drop_53_percent.txt,79.45,10000,1000
experiments/vit_final/similarity_score_with_cls_token_accuracy_drop_54_percent.txt,79.29,10000,1000
experiments/vit_final/similarity_score_with_cls_token_accuracy_drop_56_percent.txt,78.7,10000,1000
experiments/vit_final/similarity_score_with_cls_token_accuracy_drop_57_percent.txt,78.4,10000,1000
experiments/vit_final/similarity_score_with_cls_token_accuracy_drop_5_percent.txt,83.64503816793894,5240,524
experiments/vit_final/similarity_score_with_cls_token_accuracy_drop_60_percent.txt,77.41,10000,1000
experiments/vit_final/similarity_score_with_cls_token_accuracy_drop_63_percent.txt,75.97,10000,1000
experiments/vit_final/similarity_score_with_cls_token_accuracy_drop_66_percent.txt,74.33,10000,1000
experiments/vit_final/similarity_score_with_cls_token_accuracy_drop_71_percent.txt,71.44,10000,1000
experiments/vit_final/similarity_score_with_cls_token_accuracy_drop_74_percent.txt,68.23,10000,1000
experiments/vit_final/similarity_score_with_cls_token_accuracy_drop_75_percent.txt,66.84,10000,1000
experiments/vit_final/similarity_score_with_cls_token_accuracy_drop_76_percent.txt,65.91,10000,1000
experiments/vit_final/similarity_score_with_cls_token_accuracy_drop_78_percent.txt,62.6,10000,1000
experiments/vit_final/similarity_score_with_cls_token_accuracy_drop_79_percent.txt,60.81999999999999,10000,1000
experiments/vit_final/similarity_score_with_cls_token_accuracy_drop_80_percent.txt,58.79,10000,1000
experiments/vit_final/similarity_score_with_cls_token_accuracy_drop_82_percent.txt,54.63,10000,1000
experiments/vit_final/similarity_score_with_cls_token_accuracy_drop_83_percent.txt,52.15,10000,1000
experiments/vit_final/similarity_score_with_cls_token_accuracy_drop_85_percent.txt,46.54,10000,1000
experiments/vit_final/similarity_score_with_cls_token_accuracy_drop_87_percent.txt,40.160000000000004,10000,1000
experiments/vit_final/similarity_score_with_cls_token_accuracy_drop_8_percent.txt,83.5,10000,1000
experiments/vit_final/similarity_score_with_cls_token_accuracy_drop_90_percent.txt,30.220000000000002,10000,1000
experiments/vit_final/similarity_score_with_cls_token_accuracy_drop_93_percent.txt,18.78,10000,1000
experiments/vit_final/similarity_score_with_cls_token_accuracy_drop_94_percent.txt,15.040000000000001,10000,1000
experiments/vit_final/similarity_score_with_cls_token_accuracy_drop_95_percent.txt,11.57,10000,1000
experiments/vit_final/similarity_score_with_cls_token_accuracy_drop_97_percent.txt,4.82,10000,1000
experiments/vit_final/similarity_score_with_cls_token_accuracy_drop_98_percent.txt,2.33,10000,1000
experiments/vit_final/similarity_score_with_cls_token_accuracy_drop_99_percent.txt,0.26,10000,1000
"experiments/vit_large_final_3_techniques/sim_ats/results/vit_base_similarity_dropblock[4, 8, 12, 16, 20]_droprate0.15_attnprune0.15.txt",83.35000000000001,10000,100
"experiments/vit_large_final_3_techniques/sim_ats/results/vit_base_similarity_dropblock[5, 11, 17]_droprate0.15_attnprune0.15.txt",83.85000000000001,10000,100
"experiments/vit_large_final_3_techniques/sim_ats/results/vit_base_similarity_dropblock[5, 9, 13, 17, 21]_droprate0.15_attnprune0.15.txt",83.73,10000,100
"experiments/vit_large_final_3_techniques/sim_ats/results/vit_base_similarity_dropblock[6, 12, 18]_droprate0.15_attnprune0.15.txt",83.61,10000,100
"experiments/vit_large_final_3_techniques/sim_ats/results/vit_base_similarity_dropblock[6, 12, 18]_droprate0.20_attnprune0.15.txt",83.46000000000001,10000,100
"experiments/vit_large_final_3_techniques/sim_ats/results/vit_base_similarity_dropblock[6, 12, 18]_droprate0.20_attnprune0.20.txt",83.02000000000001,10000,100
"experiments/vit_large_final_3_techniques/sim_ats/results/vit_base_similarity_dropblock[6, 12, 18]_droprate0.25_attnprune0.15.txt",83.26,10000,100
"experiments/vit_large_final_3_techniques/sim_ats/results/vit_base_similarity_dropblock[6, 12, 18]_droprate0.25_attnprune0.20.txt",82.78999999999999,10000,100
"experiments/vit_large_final_3_techniques/sim_ats/results/vit_base_similarity_dropblock[6, 12, 18]_droprate0.25_attnprune0.25.txt",82.24000000000001,10000,100
"experiments/vit_large_final_3_techniques/sim_ats/vit_base_similarity_dropblock[5, 11, 17]_droprate0.15_attnprune0.15.txt",83.85000000000001,10000,100
"experiments/vit_large_final_3_techniques/sim_ats/vit_base_similarity_dropblock[5, 11, 17]_droprate0.15_attnprune0.20.txt",83.57,10000,100
"experiments/vit_large_final_3_techniques/sim_ats/vit_base_similarity_dropblock[5, 11, 17]_droprate0.15_attnprune0.25.txt",82.87,10000,100
"experiments/vit_large_final_3_techniques/sim_ats/vit_base_similarity_dropblock[5, 11, 17]_droprate0.20_attnprune0.15.txt",83.65,10000,100
"experiments/vit_large_final_3_techniques/sim_ats/vit_base_similarity_dropblock[5, 11, 17]_droprate0.20_attnprune0.20.txt",83.13000000000001,10000,100
"experiments/vit_large_final_3_techniques/sim_ats/vit_base_similarity_dropblock[5, 11, 17]_droprate0.20_attnprune0.25.txt",82.43,10000,100
"experiments/vit_large_final_3_techniques/sim_ats/vit_base_similarity_dropblock[5, 11, 17]_droprate0.25_attnprune0.15.txt",83.05,10000,100
"experiments/vit_large_final_3_techniques/sim_ats/vit_base_similarity_dropblock[5, 11, 17]_droprate0.25_attnprune0.20.txt",82.58,10000,100
"experiments/vit_large_final_3_techniques/sim_ats/vit_base_similarity_dropblock[5, 11, 17]_droprate0.25_attnprune0.25.txt",82.05,10000,100
"experiments/vit_large_final_3_techniques/sim_ats/vit_base_similarity_dropblock[5, 11, 17]_droprate0.30_attnprune0.15.txt",82.76,10000,100
"experiments/vit_large_final_3_techniques/sim_ats/vit_base_similarity_dropblock[5, 11, 17]_droprate0.30_attnprune0.20.txt",82.25,10000,100
"experiments/vit_large_final_3_techniques/sim_ats/vit_base_similarity_dropblock[5, 11, 17]_droprate0.30_attnprune0.25.txt",81.64,10000,100
"experiments/vit_large_final_3_techniques/sim_atssim/vit_base_similarity_dropblock[5, 11, 17]_droprate0.15_attnprune0.15.txt",83.97,10000,100
"experiments/vit_large_final_3_techniques/sim_atssim/vit_base_similarity_dropblock[5, 11, 17]_droprate0.15_attnprune0.20.txt",83.55,10000,100
"experiments/vit_large_final_3_techniques/sim_atssim/vit_base_similarity_dropblock[5, 11, 17]_droprate0.15_attnprune0.25.txt",82.95,10000,100
"experiments/vit_large_final_3_techniques/sim_atssim/vit_base_similarity_dropblock[5, 11, 17]_droprate0.20_attnprune0.15.txt",83.45,10000,100
"experiments/vit_large_final_3_techniques/sim_atssim/vit_base_similarity_dropblock[5, 11, 17]_droprate0.20_attnprune0.20.txt",83.07,10000,100
"experiments/vit_large_final_3_techniques/sim_atssim/vit_base_similarity_dropblock[5, 11, 17]_droprate0.20_attnprune0.25.txt",82.31,10000,100
"experiments/vit_large_final_3_techniques/sim_atssim/vit_base_similarity_dropblock[5, 11, 17]_droprate0.25_attnprune0.15.txt",83.22,10000,100
"experiments/vit_large_final_3_techniques/sim_atssim/vit_base_similarity_dropblock[5, 11, 17]_droprate0.25_attnprune0.20.txt",82.80999999999999,10000,100
"experiments/vit_large_final_3_techniques/sim_atssim/vit_base_similarity_dropblock[5, 11, 17]_droprate0.25_attnprune0.25.txt",82.0,10000,100
"experiments/vit_large_final_3_techniques/sim_atssim/vit_base_similarity_dropblock[5, 11, 17]_droprate0.30_attnprune0.15.txt",82.73,10000,100
"experiments/vit_large_final_3_techniques/sim_atssim/vit_base_similarity_dropblock[5, 11, 17]_droprate0.30_attnprune0.20.txt",82.19,10000,100
"experiments/vit_large_final_3_techniques/sim_atssim/vit_base_similarity_dropblock[5, 11, 17]_droprate0.30_attnprune0.25.txt",81.92,10000,100
"experiments/vit_large_final_3_techniques/sim_atssim_ats/vit_base_first_sim_attn_sim_[5, 11, 17]_droprate0.15_attnprune0.15.txt",83.88,10000,1000
"experiments/vit_large_final_3_techniques/sim_atssim_ats/vit_base_first_sim_attn_sim_[5, 11, 17]_droprate0.15_attnprune0.20.txt",83.52000000000001,10000,1000
"experiments/vit_large_final_3_techniques/sim_atssim_ats/vit_base_first_sim_attn_sim_[5, 11, 17]_droprate0.15_attnprune0.25.txt",82.89,10000,1000
"experiments/vit_large_final_3_techniques/sim_atssim_ats/vit_base_first_sim_attn_sim_[5, 11, 17]_droprate0.20_attnprune0.15.txt",83.5,10000,1000
"experiments/vit_large_final_3_techniques/sim_atssim_ats/vit_base_first_sim_attn_sim_[5, 11, 17]_droprate0.20_attnprune0.20.txt",83.13000000000001,10000,1000
"experiments/vit_large_final_3_techniques/sim_atssim_ats/vit_base_first_sim_attn_sim_[5, 11, 17]_droprate0.20_attnprune0.25.txt",82.5,10000,1000
"experiments/vit_large_final_3_techniques/sim_atssim_ats/vit_base_first_sim_attn_sim_[5, 11, 17]_droprate0.25_attnprune0.15.txt",82.92,10000,1000
"experiments/vit_large_final_3_techniques/sim_atssim_ats/vit_base_first_sim_attn_sim_[5, 11, 17]_droprate0.25_attnprune0.20.txt",82.84,10000,1000
"experiments/vit_large_final_3_techniques/sim_atssim_ats/vit_base_first_sim_attn_sim_[5, 11, 17]_droprate0.25_attnprune0.25.txt",82.08,10000,1000
"experiments/vit_large_final_3_techniques/sim_atssim_ats/vit_base_first_sim_attn_sim_[5, 11, 17]_droprate0.30_attnprune0.15.txt",82.65,10000,1000
"experiments/vit_large_final_3_techniques/sim_atssim_ats/vit_base_first_sim_attn_sim_[5, 11, 17]_droprate0.30_attnprune0.20.txt",82.19999999999999,10000,1000
"experiments/vit_large_final_3_techniques/sim_atssim_ats/vit_base_first_sim_attn_sim_[5, 11, 17]_droprate0.30_attnprune0.25.txt",81.85,10000,1000
experiments/vit_large_results/base_accuracy/vit_large_smilarity_and_attention_15_15_15_15_correct.txt,84.6,10000,1000
"experiments/vit_large_results/combine_attention_and_similarity/similarity_score_with_cls_token_accuracy_drop0-Copy1.25_0.25__percent_on_[6, 12, 18].txt",84.06976744186046,860,86
"experiments/vit_large_results/combine_attention_and_similarity/similarity_score_with_cls_token_accuracy_drop0-Copy1.2_0.2__percent_on_[5, 11, 17].txt",84.46666666666667,1500,15
"experiments/vit_large_results/combine_attention_and_similarity/similarity_score_with_cls_token_accuracy_drop0.25_0.25__percent_on_[5, 11, 17].txt",82.05,10000,100
"experiments/vit_large_results/combine_attention_and_similarity/similarity_score_with_cls_token_accuracy_drop0.25_0.25__percent_on_[6, 12, 18].txt",82.24000000000001,10000,1000
"experiments/vit_large_results/combine_attention_and_similarity/similarity_score_with_cls_token_accuracy_drop0.2_0.2__percent_on_[4, 8, 12, 16, 20].txt",82.12,10000,100
"experiments/vit_large_results/combine_attention_and_similarity/similarity_score_with_cls_token_accuracy_drop0.2_0.2__percent_on_[5, 11, 17].txt",83.13000000000001,10000,100
experiments/vit_large_results/combine_attention_and_similarity/vit_large_smilarity_and_attention_15_15_15_15_correct.txt,82.24000000000001,10000,1000
experiments/vit_large_results/combine_attention_and_similarity/vit_large_smilarity_and_attention_25_25_25_25_25_4_8_12_16_20_correct.txt,80.16,10000,1000
experiments/vit_large_results/combine_similarity_merge_using_attn_and_similarity/merging_on_various_layers_vit_large_accuracy_drop_0.5__percent_on_[0].txt,50.54,10000,100
experiments/vit_large_results/combine_similarity_merge_using_attn_and_similarity/merging_on_various_layers_vit_large_accuracy_drop_0.5__percent_on_[10].txt,83.35000000000001,10000,100
experiments/vit_large_results/combine_similarity_merge_using_attn_and_similarity/merging_on_various_layers_vit_large_accuracy_drop_0.5__percent_on_[11].txt,83.55,10000,100
experiments/vit_large_results/combine_similarity_merge_using_attn_and_similarity/merging_on_various_layers_vit_large_accuracy_drop_0.5__percent_on_[12].txt,84.16,10000,100
experiments/vit_large_results/combine_similarity_merge_using_attn_and_similarity/merging_on_various_layers_vit_large_accuracy_drop_0.5__percent_on_[13].txt,84.09,10000,100
experiments/vit_large_results/combine_similarity_merge_using_attn_and_similarity/merging_on_various_layers_vit_large_accuracy_drop_0.5__percent_on_[14].txt,84.07,10000,100
experiments/vit_large_results/combine_similarity_merge_using_attn_and_similarity/merging_on_various_layers_vit_large_accuracy_drop_0.5__percent_on_[15].txt,84.33,10000,100
experiments/vit_large_results/combine_similarity_merge_using_attn_and_similarity/merging_on_various_layers_vit_large_accuracy_drop_0.5__percent_on_[16].txt,84.23,10000,100
experiments/vit_large_results/combine_similarity_merge_using_attn_and_similarity/merging_on_various_layers_vit_large_accuracy_drop_0.5__percent_on_[17].txt,84.25,10000,100
experiments/vit_large_results/combine_similarity_merge_using_attn_and_similarity/merging_on_various_layers_vit_large_accuracy_drop_0.5__percent_on_[18].txt,84.42,10000,100
experiments/vit_large_results/combine_similarity_merge_using_attn_and_similarity/merging_on_various_layers_vit_large_accuracy_drop_0.5__percent_on_[19].txt,84.35000000000001,10000,100
experiments/vit_large_results/combine_similarity_merge_using_attn_and_similarity/merging_on_various_layers_vit_large_accuracy_drop_0.5__percent_on_[1].txt,60.34,10000,100
experiments/vit_large_results/combine_similarity_merge_using_attn_and_similarity/merging_on_various_layers_vit_large_accuracy_drop_0.5__percent_on_[20].txt,84.28,10000,100
experiments/vit_large_results/combine_similarity_merge_using_attn_and_similarity/merging_on_various_layers_vit_large_accuracy_drop_0.5__percent_on_[21].txt,84.55,10000,100
experiments/vit_large_results/combine_similarity_merge_using_attn_and_similarity/merging_on_various_layers_vit_large_accuracy_drop_0.5__percent_on_[22].txt,84.53,10000,100
experiments/vit_large_results/combine_similarity_merge_using_attn_and_similarity/merging_on_various_layers_vit_large_accuracy_drop_0.5__percent_on_[23].txt,84.6,10000,100
experiments/vit_large_results/combine_similarity_merge_using_attn_and_similarity/merging_on_various_layers_vit_large_accuracy_drop_0.5__percent_on_[2].txt,78.39,10000,100
experiments/vit_large_results/combine_similarity_merge_using_attn_and_similarity/merging_on_various_layers_vit_large_accuracy_drop_0.5__percent_on_[3].txt,80.45,10000,100
experiments/vit_large_results/combine_similarity_merge_using_attn_and_similarity/merging_on_various_layers_vit_large_accuracy_drop_0.5__percent_on_[4].txt,81.53,10000,100
experiments/vit_large_results/combine_similarity_merge_using_attn_and_similarity/merging_on_various_layers_vit_large_accuracy_drop_0.5__percent_on_[5].txt,81.95,10000,100
experiments/vit_large_results/combine_similarity_merge_using_attn_and_similarity/merging_on_various_layers_vit_large_accuracy_drop_0.5__percent_on_[6].txt,82.09,10000,100
experiments/vit_large_results/combine_similarity_merge_using_attn_and_similarity/merging_on_various_layers_vit_large_accuracy_drop_0.5__percent_on_[7].txt,82.58,10000,100
experiments/vit_large_results/combine_similarity_merge_using_attn_and_similarity/merging_on_various_layers_vit_large_accuracy_drop_0.5__percent_on_[8].txt,82.78999999999999,10000,100
experiments/vit_large_results/combine_similarity_merge_using_attn_and_similarity/merging_on_various_layers_vit_large_accuracy_drop_0.5__percent_on_[9].txt,83.0,10000,100
experiments/vit_large_results/drop_similarity_1_24/similarity_score_with_cls_token_accuracy_drop_50___again_checking_percent_layer_[10].txt,48.199999999999996,10000,100
experiments/vit_large_results/drop_similarity_1_24/similarity_score_with_cls_token_accuracy_drop_50__percent_layer_[0].txt,71.69,10000,100
experiments/vit_large_results/drop_similarity_1_24/similarity_score_with_cls_token_accuracy_drop_50__percent_layer_[10].txt,48.199999999999996,10000,100
experiments/vit_large_results/drop_similarity_1_24/similarity_score_with_cls_token_accuracy_drop_50__percent_layer_[11].txt,65.16999999999999,10000,100
experiments/vit_large_results/drop_similarity_1_24/similarity_score_with_cls_token_accuracy_drop_50__percent_layer_[12].txt,67.97,10000,100
experiments/vit_large_results/drop_similarity_1_24/similarity_score_with_cls_token_accuracy_drop_50__percent_layer_[13].txt,70.7,10000,100
experiments/vit_large_results/drop_similarity_1_24/similarity_score_with_cls_token_accuracy_drop_50__percent_layer_[14].txt,75.59,10000,100
experiments/vit_large_results/drop_similarity_1_24/similarity_score_with_cls_token_accuracy_drop_50__percent_layer_[15].txt,78.19,10000,100
experiments/vit_large_results/drop_similarity_1_24/similarity_score_with_cls_token_accuracy_drop_50__percent_layer_[16].txt,78.94,10000,100
experiments/vit_large_results/drop_similarity_1_24/similarity_score_with_cls_token_accuracy_drop_50__percent_layer_[17].txt,80.34,10000,100
experiments/vit_large_results/drop_similarity_1_24/similarity_score_with_cls_token_accuracy_drop_50__percent_layer_[18].txt,80.78,10000,100
experiments/vit_large_results/drop_similarity_1_24/similarity_score_with_cls_token_accuracy_drop_50__percent_layer_[19].txt,81.34,10000,100
experiments/vit_large_results/drop_similarity_1_24/similarity_score_with_cls_token_accuracy_drop_50__percent_layer_[1].txt,64.46,10000,100
experiments/vit_large_results/drop_similarity_1_24/similarity_score_with_cls_token_accuracy_drop_50__percent_layer_[20].txt,81.37,10000,100
experiments/vit_large_results/drop_similarity_1_24/similarity_score_with_cls_token_accuracy_drop_50__percent_layer_[21].txt,81.14,10000,100
experiments/vit_large_results/drop_similarity_1_24/similarity_score_with_cls_token_accuracy_drop_50__percent_layer_[22].txt,84.27,10000,100
experiments/vit_large_results/drop_similarity_1_24/similarity_score_with_cls_token_accuracy_drop_50__percent_layer_[23].txt,84.64,10000,100
experiments/vit_large_results/drop_similarity_1_24/similarity_score_with_cls_token_accuracy_drop_50__percent_layer_[2].txt,64.86,10000,100
experiments/vit_large_results/drop_similarity_1_24/similarity_score_with_cls_token_accuracy_drop_50__percent_layer_[3].txt,66.36999999999999,10000,100
experiments/vit_large_results/drop_similarity_1_24/similarity_score_with_cls_token_accuracy_drop_50__percent_layer_[4].txt,67.69,10000,100
experiments/vit_large_results/drop_similarity_1_24/similarity_score_with_cls_token_accuracy_drop_50__percent_layer_[5].txt,66.57,10000,100
experiments/vit_large_results/drop_similarity_1_24/similarity_score_with_cls_token_accuracy_drop_50__percent_layer_[6].txt,65.96,10000,100
experiments/vit_large_results/drop_similarity_1_24/similarity_score_with_cls_token_accuracy_drop_50__percent_layer_[7].txt,65.68,10000,100
experiments/vit_large_results/drop_similarity_1_24/similarity_score_with_cls_token_accuracy_drop_50__percent_layer_[8].txt,65.88000000000001,10000,100
experiments/vit_large_results/drop_similarity_1_24/similarity_score_with_cls_token_accuracy_drop_50__percent_layer_[9].txt,60.89,10000,100
experiments/vit_large_results/only_attention_drop/gpu0/similarity_score_with_cls_token_accuracy_drop_50__percent_on_[11].txt,80.82000000000001,10000,1000
experiments/vit_large_results/only_attention_drop/gpu0/similarity_score_with_cls_token_accuracy_drop_50__percent_on_[12].txt,81.66,10000,1000
experiments/vit_large_results/only_attention_drop/gpu0/similarity_score_with_cls_token_accuracy_drop_50__percent_on_[2].txt,61.529999999999994,10000,1000
experiments/vit_large_results/only_attention_drop/gpu0/similarity_score_with_cls_token_accuracy_drop_50__percent_on_[3].txt,63.980000000000004,10000,1000
experiments/vit_large_results/only_attention_drop/gpu0/similarity_score_with_cls_token_accuracy_drop_50__percent_on_[4].txt,62.83,10000,1000
experiments/vit_large_results/only_attention_drop/gpu0/similarity_score_with_cls_token_accuracy_drop_50__percent_on_[8].txt,76.92999999999999,10000,1000
experiments/vit_large_results/only_attention_drop/gpu0/similarity_score_with_cls_token_accuracy_drop_50__percent_on_[9].txt,79.01,10000,1000
experiments/vit_large_results/only_attention_drop/similarity_score_with_cls_token_accuracy_drop_50__percent_on_[0].txt,52.769999999999996,10000,1000
experiments/vit_large_results/only_attention_drop/similarity_score_with_cls_token_accuracy_drop_50__percent_on_[10].txt,83.41,10000,1000
experiments/vit_large_results/only_attention_drop/similarity_score_with_cls_token_accuracy_drop_50__percent_on_[11].txt,83.67999999999999,10000,1116
experiments/vit_large_results/only_attention_drop/similarity_score_with_cls_token_accuracy_drop_50__percent_on_[12].txt,83.99,10000,1000
experiments/vit_large_results/only_attention_drop/similarity_score_with_cls_token_accuracy_drop_50__percent_on_[13].txt,83.82,10000,1000
experiments/vit_large_results/only_attention_drop/similarity_score_with_cls_token_accuracy_drop_50__percent_on_[14].txt,83.95,10000,1116
experiments/vit_large_results/only_attention_drop/similarity_score_with_cls_token_accuracy_drop_50__percent_on_[15].txt,83.96000000000001,10000,1122
experiments/vit_large_results/only_attention_drop/similarity_score_with_cls_token_accuracy_drop_50__percent_on_[16].txt,84.11,10000,1000
experiments/vit_large_results/only_attention_drop/similarity_score_with_cls_token_accuracy_drop_50__percent_on_[17].txt,84.05,10000,1115
experiments/vit_large_results/only_attention_drop/similarity_score_with_cls_token_accuracy_drop_50__percent_on_[18].txt,84.39,10000,1119
experiments/vit_large_results/only_attention_drop/similarity_score_with_cls_token_accuracy_drop_50__percent_on_[19].txt,84.41,10000,1000
experiments/vit_large_results/only_attention_drop/similarity_score_with_cls_token_accuracy_drop_50__percent_on_[1].txt,64.44,10000,1000
experiments/vit_large_results/only_attention_drop/similarity_score_with_cls_token_accuracy_drop_50__percent_on_[20].txt,84.39999999999999,10000,1000
experiments/vit_large_results/only_attention_drop/similarity_score_with_cls_token_accuracy_drop_50__percent_on_[21].txt,84.47,10000,1114
experiments/vit_large_results/only_attention_drop/similarity_score_with_cls_token_accuracy_drop_50__percent_on_[22].txt,84.55,10000,1000
experiments/vit_large_results/only_attention_drop/similarity_score_with_cls_token_accuracy_drop_50__percent_on_[23].txt,84.6,10000,1000
experiments/vit_large_results/only_attention_drop/similarity_score_with_cls_token_accuracy_drop_50__percent_on_[24].txt,84.6,10000,1000
experiments/vit_large_results/only_attention_drop/similarity_score_with_cls_token_accuracy_drop_50__percent_on_[2].txt,78.64,10000,1000
experiments/vit_large_results/only_attention_drop/similarity_score_with_cls_token_accuracy_drop_50__percent_on_[3].txt,79.96,10000,1000
experiments/vit_large_results/only_attention_drop/similarity_score_with_cls_token_accuracy_drop_50__percent_on_[4].txt,81.52000000000001,10000,1000
experiments/vit_large_results/only_attention_drop/similarity_score_with_cls_token_accuracy_drop_50__percent_on_[5].txt,81.8,10000,1000
experiments/vit_large_results/only_attention_drop/similarity_score_with_cls_token_accuracy_drop_50__percent_on_[6].txt,81.86,10000,1000
experiments/vit_large_results/only_attention_drop/similarity_score_with_cls_token_accuracy_drop_50__percent_on_[7].txt,82.69,10000,1000
experiments/vit_large_results/only_attention_drop/similarity_score_with_cls_token_accuracy_drop_50__percent_on_[8].txt,82.57,10000,1000
experiments/vit_large_results/only_attention_drop/similarity_score_with_cls_token_accuracy_drop_50__percent_on_[9].txt,83.0,10000,1000
experiments/vit_large_results/only_attention_drop/similarity_score_with_cls_token_accuracy_drop_50__percent_on_[].txt,87.85714285714286,140,14
experiments/vit_large_results/pruning_from_1_to50_using_similarity-1/results/similarity_score_with_cls_token_accuracy_drop0.01percent_on_[].txt,84.61,10000,100
experiments/vit_large_results/pruning_from_1_to50_using_similarity-1/results/similarity_score_with_cls_token_accuracy_drop0.02percent_on_[].txt,84.48,10000,100
experiments/vit_large_results/pruning_from_1_to50_using_similarity-1/results/similarity_score_with_cls_token_accuracy_drop0.03percent_on_[].txt,84.46000000000001,10000,100
experiments/vit_large_results/pruning_from_1_to50_using_similarity-1/results/similarity_score_with_cls_token_accuracy_drop0.04percent_on_[].txt,84.42,10000,100
experiments/vit_large_results/pruning_from_1_to50_using_similarity-1/results/similarity_score_with_cls_token_accuracy_drop0.05percent_on_[].txt,84.39,10000,100
experiments/vit_large_results/pruning_from_1_to50_using_similarity-1/results/similarity_score_with_cls_token_accuracy_drop0.06percent_on_[].txt,84.46000000000001,10000,100
experiments/vit_large_results/pruning_from_1_to50_using_similarity-1/results/similarity_score_with_cls_token_accuracy_drop0.07percent_on_[].txt,84.39999999999999,10000,300
experiments/vit_large_results/pruning_from_1_to50_using_similarity-1/results/similarity_score_with_cls_token_accuracy_drop0.08percent_on_[].txt,84.37,10000,100
experiments/vit_large_results/pruning_from_1_to50_using_similarity-1/results/similarity_score_with_cls_token_accuracy_drop0.09percent_on_[].txt,84.35000000000001,10000,100
experiments/vit_large_results/pruning_from_1_to50_using_similarity-1/results/similarity_score_with_cls_token_accuracy_drop0.0percent_on_[].txt,84.6,10000,100
experiments/vit_large_results/pruning_from_1_to50_using_similarity-1/results/similarity_score_with_cls_token_accuracy_drop0.11percent_on_[].txt,84.39,10000,100
experiments/vit_large_results/pruning_from_1_to50_using_similarity-1/results/similarity_score_with_cls_token_accuracy_drop0.12percent_on_[].txt,84.46000000000001,10000,100
experiments/vit_large_results/pruning_from_1_to50_using_similarity-1/results/similarity_score_with_cls_token_accuracy_drop0.13percent_on_[].txt,84.3,10000,100
experiments/vit_large_results/pruning_from_1_to50_using_similarity-1/results/similarity_score_with_cls_token_accuracy_drop0.14percent_on_[].txt,84.31,10000,100
experiments/vit_large_results/pruning_from_1_to50_using_similarity-1/results/similarity_score_with_cls_token_accuracy_drop0.15percent_on_[].txt,84.43,10000,100
experiments/vit_large_results/pruning_from_1_to50_using_similarity-1/results/similarity_score_with_cls_token_accuracy_drop0.16percent_on_[].txt,84.42,10000,100
experiments/vit_large_results/pruning_from_1_to50_using_similarity-1/results/similarity_score_with_cls_token_accuracy_drop0.17percent_on_[].txt,84.36,10000,100
experiments/vit_large_results/pruning_from_1_to50_using_similarity-1/results/similarity_score_with_cls_token_accuracy_drop0.18percent_on_[].txt,84.21,10000,100
experiments/vit_large_results/pruning_from_1_to50_using_similarity-1/results/similarity_score_with_cls_token_accuracy_drop0.19percent_on_[].txt,84.23,10000,100
experiments/vit_large_results/pruning_from_1_to50_using_similarity-1/results/similarity_score_with_cls_token_accuracy_drop0.1percent_on_[].txt,84.39999999999999,10000,100
experiments/vit_large_results/pruning_from_1_to50_using_similarity-1/results/similarity_score_with_cls_token_accuracy_drop0.21percent_on_[].txt,83.96000000000001,10000,100
experiments/vit_large_results/pruning_from_1_to50_using_similarity-1/results/similarity_score_with_cls_token_accuracy_drop0.22percent_on_[].txt,83.94,10000,100
experiments/vit_large_results/pruning_from_1_to50_using_similarity-1/results/similarity_score_with_cls_token_accuracy_drop0.23percent_on_[].txt,83.91999999999999,10000,100
experiments/vit_large_results/pruning_from_1_to50_using_similarity-1/results/similarity_score_with_cls_token_accuracy_drop0.24percent_on_[].txt,83.72,10000,100
experiments/vit_large_results/pruning_from_1_to50_using_similarity-1/results/similarity_score_with_cls_token_accuracy_drop0.25percent_on_[].txt,83.78,10000,100
experiments/vit_large_results/pruning_from_1_to50_using_similarity-1/results/similarity_score_with_cls_token_accuracy_drop0.26percent_on_[].txt,83.69,10000,100
experiments/vit_large_results/pruning_from_1_to50_using_similarity-1/results/similarity_score_with_cls_token_accuracy_drop0.27percent_on_[].txt,83.44,10000,100
experiments/vit_large_results/pruning_from_1_to50_using_similarity-1/results/similarity_score_with_cls_token_accuracy_drop0.28percent_on_[].txt,83.43,10000,100
experiments/vit_large_results/pruning_from_1_to50_using_similarity-1/results/similarity_score_with_cls_token_accuracy_drop0.29percent_on_[].txt,83.32000000000001,10000,100
experiments/vit_large_results/pruning_from_1_to50_using_similarity-1/results/similarity_score_with_cls_token_accuracy_drop0.2percent_on_[].txt,84.17,10000,100
experiments/vit_large_results/pruning_from_1_to50_using_similarity-1/results/similarity_score_with_cls_token_accuracy_drop0.31percent_on_[].txt,83.17999999999999,10000,100
experiments/vit_large_results/pruning_from_1_to50_using_similarity-1/results/similarity_score_with_cls_token_accuracy_drop0.32percent_on_[].txt,83.13000000000001,10000,100
experiments/vit_large_results/pruning_from_1_to50_using_similarity-1/results/similarity_score_with_cls_token_accuracy_drop0.33percent_on_[].txt,82.88,10000,100
experiments/vit_large_results/pruning_from_1_to50_using_similarity-1/results/similarity_score_with_cls_token_accuracy_drop0.34percent_on_[].txt,82.91,10000,100
experiments/vit_large_results/pruning_from_1_to50_using_similarity-1/results/similarity_score_with_cls_token_accuracy_drop0.35percent_on_[].txt,82.80999999999999,10000,100
experiments/vit_large_results/pruning_from_1_to50_using_similarity-1/results/similarity_score_with_cls_token_accuracy_drop0.36percent_on_[].txt,82.62,10000,100
experiments/vit_large_results/pruning_from_1_to50_using_similarity-1/results/similarity_score_with_cls_token_accuracy_drop0.37percent_on_[].txt,82.48,10000,100
experiments/vit_large_results/pruning_from_1_to50_using_similarity-1/results/similarity_score_with_cls_token_accuracy_drop0.38percent_on_[].txt,82.38,10000,100
experiments/vit_large_results/pruning_from_1_to50_using_similarity-1/results/similarity_score_with_cls_token_accuracy_drop0.39percent_on_[].txt,82.1,10000,100
experiments/vit_large_results/pruning_from_1_to50_using_similarity-1/results/similarity_score_with_cls_token_accuracy_drop0.3percent_on_[].txt,83.25,10000,100
experiments/vit_large_results/pruning_from_1_to50_using_similarity-1/results/similarity_score_with_cls_token_accuracy_drop0.41percent_on_[].txt,82.03,10000,100
experiments/vit_large_results/pruning_from_1_to50_using_similarity-1/results/similarity_score_with_cls_token_accuracy_drop0.42percent_on_[].txt,81.78999999999999,10000,100
experiments/vit_large_results/pruning_from_1_to50_using_similarity-1/results/similarity_score_with_cls_token_accuracy_drop0.43percent_on_[].txt,81.46,10000,100
experiments/vit_large_results/pruning_from_1_to50_using_similarity-1/results/similarity_score_with_cls_token_accuracy_drop0.44percent_on_[].txt,81.37,10000,100
experiments/vit_large_results/pruning_from_1_to50_using_similarity-1/results/similarity_score_with_cls_token_accuracy_drop0.45percent_on_[].txt,81.21000000000001,10000,100
experiments/vit_large_results/pruning_from_1_to50_using_similarity-1/results/similarity_score_with_cls_token_accuracy_drop0.46percent_on_[].txt,81.08,10000,100
experiments/vit_large_results/pruning_from_1_to50_using_similarity-1/results/similarity_score_with_cls_token_accuracy_drop0.47percent_on_[].txt,80.97,10000,100
experiments/vit_large_results/pruning_from_1_to50_using_similarity-1/results/similarity_score_with_cls_token_accuracy_drop0.48percent_on_[].txt,80.84,10000,100
experiments/vit_large_results/pruning_from_1_to50_using_similarity-1/results/similarity_score_with_cls_token_accuracy_drop0.49percent_on_[].txt,80.45,10000,100
experiments/vit_large_results/pruning_from_1_to50_using_similarity-1/results/similarity_score_with_cls_token_accuracy_drop0.4percent_on_[].txt,82.02000000000001,10000,100
experiments/vit_large_results/pruning_from_1_to50_using_similarity-1/results/similarity_score_with_cls_token_accuracy_drop0.51percent_on_[].txt,79.75,10000,100
experiments/vit_large_results/pruning_from_1_to50_using_similarity-1/results/similarity_score_with_cls_token_accuracy_drop0.52percent_on_[].txt,79.73,10000,100
experiments/vit_large_results/pruning_from_1_to50_using_similarity-1/results/similarity_score_with_cls_token_accuracy_drop0.53percent_on_[].txt,79.51,10000,100
experiments/vit_large_results/pruning_from_1_to50_using_similarity-1/results/similarity_score_with_cls_token_accuracy_drop0.5percent_on_[].txt,79.0,500,105
experiments/vit_large_results/vit_large_smilarity_and_attention_15_15_15_15_correct.txt,76.66666666666667,60,325
"experiments/vit_small_results/comparing_3_results/sim_ats/vit_small_similarity_dropblock[3, 6, 9]_droprate_sim0.15_attnprune0.15.txt",76.32,10000,100
"experiments/vit_small_results/comparing_3_results/sim_ats/vit_small_similarity_dropblock[3, 6, 9]_droprate_sim0.15_attnprune0.20.txt",75.56,10000,100
"experiments/vit_small_results/comparing_3_results/sim_ats/vit_small_similarity_dropblock[3, 6, 9]_droprate_sim0.15_attnprune0.25.txt",74.82,10000,100
"experiments/vit_small_results/comparing_3_results/sim_ats/vit_small_similarity_dropblock[3, 6, 9]_droprate_sim0.20_attnprune0.15.txt",75.76,10000,100
"experiments/vit_small_results/comparing_3_results/sim_ats/vit_small_similarity_dropblock[3, 6, 9]_droprate_sim0.20_attnprune0.20.txt",75.05,10000,100
"experiments/vit_small_results/comparing_3_results/sim_ats/vit_small_similarity_dropblock[3, 6, 9]_droprate_sim0.20_attnprune0.25.txt",73.9,10000,100
"experiments/vit_small_results/comparing_3_results/sim_ats/vit_small_similarity_dropblock[3, 6, 9]_droprate_sim0.25_attnprune0.15.txt",74.83999999999999,10000,100
"experiments/vit_small_results/comparing_3_results/sim_ats/vit_small_similarity_dropblock[3, 6, 9]_droprate_sim0.25_attnprune0.20.txt",74.0,10000,100
"experiments/vit_small_results/comparing_3_results/sim_ats/vit_small_similarity_dropblock[3, 6, 9]_droprate_sim0.25_attnprune0.25.txt",72.63,10000,100
"experiments/vit_small_results/comparing_3_results/sim_ats/vit_small_similarity_dropblock[3, 6, 9]_droprate_sim0.30_attnprune0.15.txt",73.96000000000001,10000,100
"experiments/vit_small_results/comparing_3_results/sim_ats/vit_small_similarity_dropblock[3, 6, 9]_droprate_sim0.30_attnprune0.20.txt",72.49,10000,100
"experiments/vit_small_results/comparing_3_results/sim_ats/vit_small_similarity_dropblock[3, 6, 9]_droprate_sim0.30_attnprune0.25.txt",71.31,10000,100
"experiments/vit_small_results/comparing_3_results/sim_atssim/vit_small_similarity_dropblock[3, 6, 9]_droprate0.15_attnprune0.15.txt",76.31,10000,100
"experiments/vit_small_results/comparing_3_results/sim_atssim/vit_small_similarity_dropblock[3, 6, 9]_droprate0.15_attnprune0.20.txt",75.85,10000,100
"experiments/vit_small_results/comparing_3_results/sim_atssim/vit_small_similarity_dropblock[3, 6, 9]_droprate0.15_attnprune0.25.txt",74.97,10000,100
"experiments/vit_small_results/comparing_3_results/sim_atssim/vit_small_similarity_dropblock[3, 6, 9]_droprate0.20_attnprune0.15.txt",75.76,10000,100
"experiments/vit_small_results/comparing_3_results/sim_atssim/vit_small_similarity_dropblock[3, 6, 9]_droprate0.20_attnprune0.20.txt",75.03,10000,100
"experiments/vit_small_results/comparing_3_results/sim_atssim/vit_small_similarity_dropblock[3, 6, 9]_droprate0.20_attnprune0.25.txt",74.27,10000,100
"experiments/vit_small_results/comparing_3_results/sim_atssim/vit_small_similarity_dropblock[3, 6, 9]_droprate0.25_attnprune0.15.txt",74.47,10000,100
"experiments/vit_small_results/comparing_3_results/sim_atssim/vit_small_similarity_dropblock[3, 6, 9]_droprate0.25_attnprune0.20.txt",74.11999999999999,10000,100
"experiments/vit_small_results/comparing_3_results/sim_atssim/vit_small_similarity_dropblock[3, 6, 9]_droprate0.25_attnprune0.25.txt",72.72,10000,100
"experiments/vit_small_results/comparing_3_results/sim_atssim/vit_small_similarity_dropblock[3, 6, 9]_droprate0.30_attnprune0.15.txt",73.75,10000,100
"experiments/vit_small_results/comparing_3_results/sim_atssim/vit_small_similarity_dropblock[3, 6, 9]_droprate0.30_attnprune0.20.txt",72.86,10000,100
"experiments/vit_small_results/comparing_3_results/sim_atssim/vit_small_similarity_dropblock[3, 6, 9]_droprate0.30_attnprune0.25.txt",71.67999999999999,10000,100
"experiments/vit_small_results/comparing_3_results/sim_atssim_ats/vit_base_first_sim_attn_sim_[3, 6, 9]_droprate0.15_attnprune0.15.txt",76.28,10000,10
"experiments/vit_small_results/comparing_3_results/sim_atssim_ats/vit_base_first_sim_attn_sim_[3, 6, 9]_droprate0.15_attnprune0.20.txt",0.0,32,321
"experiments/vit_small_results/comparing_3_results/sim_atssim_ats/vit_base_first_sim_attn_sim_[3, 6, 9]_droprate0.15_attnprune0.25.txt",75.0,10000,10
"experiments/vit_small_results/comparing_3_results/sim_atssim_ats/vit_base_first_sim_attn_sim_[3, 6, 9]_droprate0.20_attnprune0.15.txt",75.84,10000,10
"experiments/vit_small_results/comparing_3_results/sim_atssim_ats/vit_base_first_sim_attn_sim_[3, 6, 9]_droprate0.20_attnprune0.20.txt",74.92,10000,10
"experiments/vit_small_results/comparing_3_results/sim_atssim_ats/vit_base_first_sim_attn_sim_[3, 6, 9]_droprate0.20_attnprune0.25.txt",74.06,10000,10
"experiments/vit_small_results/comparing_3_results/sim_atssim_ats/vit_base_first_sim_attn_sim_[3, 6, 9]_droprate0.25_attnprune0.15.txt",74.8,10000,10
"experiments/vit_small_results/comparing_3_results/sim_atssim_ats/vit_base_first_sim_attn_sim_[3, 6, 9]_droprate0.25_attnprune0.20.txt",74.03999999999999,10000,10
"experiments/vit_small_results/comparing_3_results/sim_atssim_ats/vit_base_first_sim_attn_sim_[3, 6, 9]_droprate0.25_attnprune0.25.txt",73.14,10000,10
"experiments/vit_small_results/comparing_3_results/sim_atssim_ats/vit_base_first_sim_attn_sim_[3, 6, 9]_droprate0.30_attnprune0.15.txt",73.67,10000,10
"experiments/vit_small_results/comparing_3_results/sim_atssim_ats/vit_base_first_sim_attn_sim_[3, 6, 9]_droprate0.30_attnprune0.20.txt",72.94,10000,10
"experiments/vit_small_results/comparing_3_results/sim_atssim_ats/vit_base_first_sim_attn_sim_[3, 6, 9]_droprate0.30_attnprune0.25.txt",71.58,10000,10
experiments/vit_small_results/vit_small_results/similarity_score_with_cls_token_vit_small_drop0.01percent_on_[].txt,78.14999999999999,10000,100
experiments/vit_small_results/vit_small_results/similarity_score_with_cls_token_vit_small_drop0.02percent_on_[].txt,77.95,10000,100
experiments/vit_small_results/vit_small_results/similarity_score_with_cls_token_vit_small_drop0.03percent_on_[].txt,77.95,10000,100
experiments/vit_small_results/vit_small_results/similarity_score_with_cls_token_vit_small_drop0.04percent_on_[].txt,77.83,10000,100
experiments/vit_small_results/vit_small_results/similarity_score_with_cls_token_vit_small_drop0.05percent_on_[].txt,77.64999999999999,10000,100
experiments/vit_small_results/vit_small_results/similarity_score_with_cls_token_vit_small_drop0.06percent_on_[].txt,77.75,10000,100
experiments/vit_small_results/vit_small_results/similarity_score_with_cls_token_vit_small_drop0.07percent_on_[].txt,77.77,10000,100
experiments/vit_small_results/vit_small_results/similarity_score_with_cls_token_vit_small_drop0.08percent_on_[].txt,77.53,10000,100
experiments/vit_small_results/vit_small_results/similarity_score_with_cls_token_vit_small_drop0.09percent_on_[].txt,77.61,10000,100
experiments/vit_small_results/vit_small_results/similarity_score_with_cls_token_vit_small_drop0.0percent_on_[].txt,78.01,10000,100
experiments/vit_small_results/vit_small_results/similarity_score_with_cls_token_vit_small_drop0.11percent_on_[].txt,77.48,10000,100
experiments/vit_small_results/vit_small_results/similarity_score_with_cls_token_vit_small_drop0.12percent_on_[].txt,77.25999999999999,10000,100
experiments/vit_small_results/vit_small_results/similarity_score_with_cls_token_vit_small_drop0.13percent_on_[].txt,77.13,10000,100
experiments/vit_small_results/vit_small_results/similarity_score_with_cls_token_vit_small_drop0.14percent_on_[].txt,77.0,10000,100
experiments/vit_small_results/vit_small_results/similarity_score_with_cls_token_vit_small_drop0.15percent_on_[].txt,76.89,10000,100
experiments/vit_small_results/vit_small_results/similarity_score_with_cls_token_vit_small_drop0.16percent_on_[].txt,76.53999999999999,10000,100
experiments/vit_small_results/vit_small_results/similarity_score_with_cls_token_vit_small_drop0.17percent_on_[].txt,76.6,10000,100
experiments/vit_small_results/vit_small_results/similarity_score_with_cls_token_vit_small_drop0.18percent_on_[].txt,76.57000000000001,10000,100
experiments/vit_small_results/vit_small_results/similarity_score_with_cls_token_vit_small_drop0.19percent_on_[].txt,76.6,10000,100
experiments/vit_small_results/vit_small_results/similarity_score_with_cls_token_vit_small_drop0.1percent_on_[].txt,77.44,10000,100
experiments/vit_small_results/vit_small_results/similarity_score_with_cls_token_vit_small_drop0.21percent_on_[].txt,76.39,10000,100
experiments/vit_small_results/vit_small_results/similarity_score_with_cls_token_vit_small_drop0.22percent_on_[].txt,76.18,10000,100
experiments/vit_small_results/vit_small_results/similarity_score_with_cls_token_vit_small_drop0.23percent_on_[].txt,75.85,10000,100
experiments/vit_small_results/vit_small_results/similarity_score_with_cls_token_vit_small_drop0.24percent_on_[].txt,75.83,10000,100
experiments/vit_small_results/vit_small_results/similarity_score_with_cls_token_vit_small_drop0.25percent_on_[].txt,75.77000000000001,10000,100
experiments/vit_small_results/vit_small_results/similarity_score_with_cls_token_vit_small_drop0.26percent_on_[].txt,75.72,10000,100
experiments/vit_small_results/vit_small_results/similarity_score_with_cls_token_vit_small_drop0.27percent_on_[].txt,75.36,10000,100
experiments/vit_small_results/vit_small_results/similarity_score_with_cls_token_vit_small_drop0.28percent_on_[].txt,75.26,10000,100
experiments/vit_small_results/vit_small_results/similarity_score_with_cls_token_vit_small_drop0.29percent_on_[].txt,75.26,10000,100
experiments/vit_small_results/vit_small_results/similarity_score_with_cls_token_vit_small_drop0.2percent_on_[].txt,76.42999999999999,10000,100
experiments/vit_small_results/vit_small_results/similarity_score_with_cls_token_vit_small_drop0.31percent_on_[].txt,74.72999999999999,10000,100
experiments/vit_small_results/vit_small_results/similarity_score_with_cls_token_vit_small_drop0.32percent_on_[].txt,74.33,10000,100
experiments/vit_small_results/vit_small_results/similarity_score_with_cls_token_vit_small_drop0.33percent_on_[].txt,74.33,10000,100
experiments/vit_small_results/vit_small_results/similarity_score_with_cls_token_vit_small_drop0.34percent_on_[].txt,74.24,10000,100
experiments/vit_small_results/vit_small_results/similarity_score_with_cls_token_vit_small_drop0.35percent_on_[].txt,74.06,10000,100
experiments/vit_small_results/vit_small_results/similarity_score_with_cls_token_vit_small_drop0.36percent_on_[].txt,73.72999999999999,10000,100
experiments/vit_small_results/vit_small_results/similarity_score_with_cls_token_vit_small_drop0.37percent_on_[].txt,73.22,10000,100
experiments/vit_small_results/vit_small_results/similarity_score_with_cls_token_vit_small_drop0.38percent_on_[].txt,72.88,10000,100
experiments/vit_small_results/vit_small_results/similarity_score_with_cls_token_vit_small_drop0.39percent_on_[].txt,72.58,10000,100
experiments/vit_small_results/vit_small_results/similarity_score_with_cls_token_vit_small_drop0.3percent_on_[].txt,74.91,10000,100
experiments/vit_small_results/vit_small_results/similarity_score_with_cls_token_vit_small_drop0.41percent_on_[].txt,72.2,10000,100
experiments/vit_small_results/vit_small_results/similarity_score_with_cls_token_vit_small_drop0.42percent_on_[].txt,71.81,10000,100
experiments/vit_small_results/vit_small_results/similarity_score_with_cls_token_vit_small_drop0.43percent_on_[].txt,71.52,10000,100
experiments/vit_small_results/vit_small_results/similarity_score_with_cls_token_vit_small_drop0.44percent_on_[].txt,71.12,10000,100
experiments/vit_small_results/vit_small_results/similarity_score_with_cls_token_vit_small_drop0.45percent_on_[].txt,70.55,10000,100
experiments/vit_small_results/vit_small_results/similarity_score_with_cls_token_vit_small_drop0.46percent_on_[].txt,69.97,10000,100
experiments/vit_small_results/vit_small_results/similarity_score_with_cls_token_vit_small_drop0.47percent_on_[].txt,69.41000000000001,10000,100
experiments/vit_small_results/vit_small_results/similarity_score_with_cls_token_vit_small_drop0.48percent_on_[].txt,69.1,10000,100
experiments/vit_small_results/vit_small_results/similarity_score_with_cls_token_vit_small_drop0.49percent_on_[].txt,68.57,10000,100
experiments/vit_small_results/vit_small_results/similarity_score_with_cls_token_vit_small_drop0.4percent_on_[].txt,72.41,10000,100
experiments/vit_small_results/vit_small_results/similarity_score_with_cls_token_vit_small_drop0.51percent_on_[].txt,67.65,10000,100
experiments/vit_small_results/vit_small_results/similarity_score_with_cls_token_vit_small_drop0.52percent_on_[].txt,67.17,10000,100
experiments/vit_small_results/vit_small_results/similarity_score_with_cls_token_vit_small_drop0.53percent_on_[].txt,66.22,10000,100
experiments/vit_small_results/vit_small_results/similarity_score_with_cls_token_vit_small_drop0.5percent_on_[].txt,68.12,10000,100
"experiments/vit_tiny_results/3_approaches_combined/drop_everything_transfer_learning/vit_tiny_similarity_score_with_cls_token_accuracy_drop_0.25__percent_on_[3, 6, 9].txt",65.78,10000,4147
experiments/vit_tiny_results/3_approaches_combined/drop_everything_transfer_learning/vit_tiny_similarity_score_with_cls_token_accuracy_drop_0.25__percent_on_[].txt,64.85122897800775,7730,1639
"experiments/vit_tiny_results/3_approaches_combined/drop_initially_using_similarity_later_merging_at_three/drop_first_using_similarity_then_three_0.15_0.15_0.15_0.15_using_merging_[2, 5, 8].txt",61.9,10000,1000
"experiments/vit_tiny_results/3_approaches_combined/drop_initially_using_similarity_later_merging_at_three/drop_first_using_similarity_then_three_0.15_0.15_0.15_0.15_using_merging_[3, 6, 9].txt",63.18,10000,1000
"experiments/vit_tiny_results/3_approaches_combined/drop_initially_using_similarity_later_merging_at_three/drop_first_using_similarity_then_three_0.25_using_merging_[3, 6, 9].txt",56.2,10000,1000
experiments/vit_tiny_results/3_approaches_combined/drop_initially_using_similarity_later_using_merging1_then_attention/vit_base_smilarity_and_attention_using_sim_merged_25_25_25_25__3_6_9.txt,56.830000000000005,10000,1000
"experiments/vit_tiny_results/3_approaches_combined/drop_initially_using_similarity_lete_using_attention/vit_tiny_similarity_score_with_cls_token_accuracy_drop_0.25__percent_on_[3, 6, 9].txt",60.25,10000,2013
experiments/vit_tiny_results/3_approaches_combined/drop_initially_using_similarity_lete_using_attention/vit_tiny_similarity_score_with_cls_token_accuracy_drop_0.25__percent_on_[].txt,67.63,10000,4168
"experiments/vit_tiny_results/3_approaches_combined/drop_initially_using_similarity_lete_using_attention/vit_tiny_similarity_score_with_cls_token_accuracy_drop_15_15_15_15__percent_on_[3, 6, 9].txt",63.53,10000,1000
"experiments/vit_tiny_results/3_approaches_combined/drop_initially_using_similarity_lete_using_attention/vit_tiny_similarity_score_with_cls_token_accuracy_drop_50__percent_on_[3, 6, 9].txt",56.47,10000,1000
experiments/vit_tiny_results/approach_1_only_attention_and_no_similarity_at_first/similarity_score_with_cls_token_accuracy_drop_50__percent_on_[0].txt,19.53,10000,1000
experiments/vit_tiny_results/approach_1_only_attention_and_no_similarity_at_first/similarity_score_with_cls_token_accuracy_drop_50__percent_on_[10].txt,65.98,10000,1000
experiments/vit_tiny_results/approach_1_only_attention_and_no_similarity_at_first/similarity_score_with_cls_token_accuracy_drop_50__percent_on_[11].txt,66.05,10000,1000
experiments/vit_tiny_results/approach_1_only_attention_and_no_similarity_at_first/similarity_score_with_cls_token_accuracy_drop_50__percent_on_[12].txt,66.05,10000,1000
experiments/vit_tiny_results/approach_1_only_attention_and_no_similarity_at_first/similarity_score_with_cls_token_accuracy_drop_50__percent_on_[1].txt,46.32,10000,1000
experiments/vit_tiny_results/approach_1_only_attention_and_no_similarity_at_first/similarity_score_with_cls_token_accuracy_drop_50__percent_on_[2].txt,52.580000000000005,10000,1000
experiments/vit_tiny_results/approach_1_only_attention_and_no_similarity_at_first/similarity_score_with_cls_token_accuracy_drop_50__percent_on_[3].txt,59.36,10000,1000
experiments/vit_tiny_results/approach_1_only_attention_and_no_similarity_at_first/similarity_score_with_cls_token_accuracy_drop_50__percent_on_[4].txt,60.77,10000,1000
experiments/vit_tiny_results/approach_1_only_attention_and_no_similarity_at_first/similarity_score_with_cls_token_accuracy_drop_50__percent_on_[5].txt,63.470000000000006,10000,1000
experiments/vit_tiny_results/approach_1_only_attention_and_no_similarity_at_first/similarity_score_with_cls_token_accuracy_drop_50__percent_on_[6].txt,64.2,10000,1000
experiments/vit_tiny_results/approach_1_only_attention_and_no_similarity_at_first/similarity_score_with_cls_token_accuracy_drop_50__percent_on_[7].txt,63.32,10000,1000
experiments/vit_tiny_results/approach_1_only_attention_and_no_similarity_at_first/similarity_score_with_cls_token_accuracy_drop_50__percent_on_[8].txt,65.32,10000,1000
experiments/vit_tiny_results/approach_1_only_attention_and_no_similarity_at_first/similarity_score_with_cls_token_accuracy_drop_50__percent_on_[9].txt,65.61,10000,1000
experiments/vit_tiny_results/approach_1_only_attention_and_no_similarity_at_first/similarity_score_with_cls_token_accuracy_drop_50__percent_on_[].txt,66.05,10000,1000
experiments/vit_tiny_results/approach_1_only_attention_and_similarity_at_first/similarity_score_with_cls_token_accuracydrop_similarity0.0_dropon layers0.0__percent_on_[0].txt,66.05,10000,483
"experiments/vit_tiny_results/approach_1_only_attention_and_similarity_at_first/similarity_score_with_cls_token_accuracydrop_similarity0.15_dropon layers0.15__percent_on_[3, 6, 9].txt",56.8,500,1070
"experiments/vit_tiny_results/approach_1_only_attention_and_similarity_at_first/similarity_score_with_cls_token_accuracydrop_similarity0.15_dropon layers0.25__percent_on_[3, 6, 9].txt",61.28,10000,1000
"experiments/vit_tiny_results/approach_1_only_attention_and_similarity_at_first/similarity_score_with_cls_token_accuracydrop_similarity0.15_dropon layers0.2__percent_on_[3, 6, 9].txt",62.61,10000,1000
"experiments/vit_tiny_results/approach_1_only_attention_and_similarity_at_first/similarity_score_with_cls_token_accuracydrop_similarity0.25_dropon layers0.15__percent_on_[3, 6, 9].txt",58.589999999999996,10000,1000
"experiments/vit_tiny_results/approach_1_only_attention_and_similarity_at_first/similarity_score_with_cls_token_accuracydrop_similarity0.25_dropon layers0.25__percent_on_[3, 6, 9].txt",56.47,10000,1000
"experiments/vit_tiny_results/approach_1_only_attention_and_similarity_at_first/similarity_score_with_cls_token_accuracydrop_similarity0.25_dropon layers0.2__percent_on_[3, 6, 9].txt",57.82000000000001,10000,1000
"experiments/vit_tiny_results/approach_1_only_attention_and_similarity_at_first/similarity_score_with_cls_token_accuracydrop_similarity0.2_dropon layers0.15__percent_on_[3, 6, 9].txt",61.129999999999995,10000,1000
"experiments/vit_tiny_results/approach_1_only_attention_and_similarity_at_first/similarity_score_with_cls_token_accuracydrop_similarity0.2_dropon layers0.25__percent_on_[3, 6, 9].txt",58.93000000000001,10000,1000
"experiments/vit_tiny_results/approach_1_only_attention_and_similarity_at_first/similarity_score_with_cls_token_accuracydrop_similarity0.2_dropon layers0.2__percent_on_[3, 6, 9].txt",60.25,10000,1000
"experiments/vit_tiny_results/approach_1_only_attention_and_similarity_at_first/similarity_score_with_cls_token_accuracydrop_similarity0.3_dropon layers0.15__percent_on_[3, 6, 9].txt",56.47,10000,1000
"experiments/vit_tiny_results/approach_1_only_attention_and_similarity_at_first/similarity_score_with_cls_token_accuracydrop_similarity0.3_dropon layers0.25__percent_on_[3, 6, 9].txt",53.669999999999995,10000,1000
"experiments/vit_tiny_results/approach_1_only_attention_and_similarity_at_first/similarity_score_with_cls_token_accuracydrop_similarity0.3_dropon layers0.2__percent_on_[3, 6, 9].txt",55.04,10000,1000
experiments/vit_tiny_results/approach_2_similarity_merge_using_attention/similarity_score_with_cls_token_accuracy_drop_50__percent_on_[0].txt,23.45,10000,1000
experiments/vit_tiny_results/approach_2_similarity_merge_using_attention/similarity_score_with_cls_token_accuracy_drop_50__percent_on_[10].txt,65.94,10000,1000
experiments/vit_tiny_results/approach_2_similarity_merge_using_attention/similarity_score_with_cls_token_accuracy_drop_50__percent_on_[11].txt,66.05,10000,1000
experiments/vit_tiny_results/approach_2_similarity_merge_using_attention/similarity_score_with_cls_token_accuracy_drop_50__percent_on_[12].txt,66.05,10000,1000
experiments/vit_tiny_results/approach_2_similarity_merge_using_attention/similarity_score_with_cls_token_accuracy_drop_50__percent_on_[1].txt,48.76,10000,1000
experiments/vit_tiny_results/approach_2_similarity_merge_using_attention/similarity_score_with_cls_token_accuracy_drop_50__percent_on_[2].txt,55.059999999999995,10000,1000
experiments/vit_tiny_results/approach_2_similarity_merge_using_attention/similarity_score_with_cls_token_accuracy_drop_50__percent_on_[3].txt,59.650000000000006,10000,1000
experiments/vit_tiny_results/approach_2_similarity_merge_using_attention/similarity_score_with_cls_token_accuracy_drop_50__percent_on_[4].txt,61.199999999999996,10000,1000
experiments/vit_tiny_results/approach_2_similarity_merge_using_attention/similarity_score_with_cls_token_accuracy_drop_50__percent_on_[5].txt,63.449999999999996,10000,1000
experiments/vit_tiny_results/approach_2_similarity_merge_using_attention/similarity_score_with_cls_token_accuracy_drop_50__percent_on_[6].txt,64.2,10000,1000
experiments/vit_tiny_results/approach_2_similarity_merge_using_attention/similarity_score_with_cls_token_accuracy_drop_50__percent_on_[7].txt,63.080000000000005,10000,1000
experiments/vit_tiny_results/approach_2_similarity_merge_using_attention/similarity_score_with_cls_token_accuracy_drop_50__percent_on_[8].txt,65.10000000000001,10000,1000
experiments/vit_tiny_results/approach_2_similarity_merge_using_attention/similarity_score_with_cls_token_accuracy_drop_50__percent_on_[9].txt,65.67,10000,1000
"experiments/vit_tiny_results/approach_2_similarity_merge_using_attention/vlsid_results/only_attention/similarity_score_with_cls_token_accuracy_drop_50__percent_on_[3, 6, 9].txt",82.73,10000,203
"experiments/vit_tiny_results/approach_2_similarity_merge_using_attention/vlsid_results/similarity_merge_only1/vit_base_first_sim_attn_sim_[3, 6, 9]_droprate0.00_attnprune0.15.txt",65.61,10000,105
"experiments/vit_tiny_results/approach_2_similarity_merge_using_attention/vlsid_results/similarity_merge_only1/vit_base_first_sim_attn_sim_[3, 6, 9]_droprate0.00_attnprune0.25.txt",82.45,10000,100
"experiments/vit_tiny_results/approach_2_similarity_merge_using_attention/vlsid_results/similarity_score_with_cls_token_accuracy_drop_50__percent_on_[1, 2, 3].txt",62.5,1200,12
"experiments/vit_tiny_results/approach_2_similarity_merge_using_attention/vlsid_results/similarity_score_with_cls_token_accuracy_drop_50__percent_on_[3, 6, 9].txt",82.58,10000,2460
"experiments/vit_tiny_results/approach_2_similarity_merge_using_attention/vlsid_results/similarity_score_with_cls_token_accuracy_drop_50__percent_on_[3, 6].txt",88.88888888888889,180,38
experiments/vit_tiny_results/drop_1_50_vit_tiny/similarity_score_with_cls_token_vit_tiny_drop_percent_on_combined_results.txt,47.08,10000,53
"experiments/vit_tiny_results/only_merging/drop_first_using_similarity_then_three_using_merging_[3, 6, 9].txt",63.77,10000,1000
"experiments/vit_tiny_results/only_similarity/vit_tiny_only_token_accuracy_0.15_drop_0.20_using_sim-1__percent_on_[3, 6, 9].txt",62.61,10000,1000
"experiments/vit_tiny_results/only_similarity/vit_tiny_only_token_accuracy_10drop_0.20_using_sim-1__percent_on_[3, 6, 9].txt",63.59,10000,1000
"experiments/vit_tiny_results/only_similarity/vit_tiny_only_token_accuracy_10drop_0.25_using_sim-1__percent_on_[3, 6, 9].txt",62.629999999999995,10000,1000
"experiments/vit_tiny_results/only_similarity/vit_tiny_only_token_accuracy_10drop_0.30_using_sim-1__percent_on_[6, 8].txt",64.22,10000,1000
"experiments/vit_tiny_results/only_similarity/vit_tiny_only_token_accuracy_10drop_0.40_using_sim-1__percent_on_[6, 8].txt",62.21,10000,1000
experiments/vit_tiny_results/only_similarity/vit_tiny_only_token_accuracy_10drop_0.40_using_sim-1__percent_on_[6].txt,70.60606060606061,330,33
"experiments/vit_tiny_results/only_similarity/vit_tiny_only_token_accuracy_15drop_0.30_using_sim-1__percent_on_[3, 6, 9].txt",60.25,10000,1000
experiments/vit_tiny_results/only_similarity/vit_tiny_only_token_accuracy_15drop_0.30_using_sim-1__percent_on_[6].txt,63.83,10000,2000
experiments/vit_tiny_results/only_similarity/vit_tiny_only_token_accuracy_15drop_0.40_using_sim-1__percent_on_[6].txt,63.019999999999996,10000,1000
"experiments/vit_tiny_results/only_similarity/vit_tiny_only_token_accuracy_25drop_0.25_using_sim-1__percent_on_[3, 6, 9].txt",56.47,10000,20
experiments/vit_tiny_results/only_similarity/vit_tiny_only_token_accuracy_drop_0-Copy1.15_using_sim-1__percent_on_[].txt,64.34,10000,1000
experiments/vit_tiny_results/only_similarity/vit_tiny_only_token_accuracy_drop_0.15_using_sim-1__percent_on_[].txt,64.34,10000,1000
"experiments/vit_tiny_results/only_similarity/vit_tiny_only_token_accuracy_drop_0.20_using_sim-1__percent_on_[2, 5, 8].txt",60.309999999999995,10000,1000
experiments/vit_tiny_results/only_similarity/vit_tiny_only_token_accuracy_drop_0.20_using_sim-1__percent_on_[].txt,61.95,10000,1000
"experiments/vit_tiny_results/only_similarity/vit_tiny_only_token_accuracy_drop_0.25__percent_on_[3, 6, 9].txt",63.849999999999994,10000,1000
experiments/vit_tiny_results/only_similarity/vit_tiny_only_token_accuracy_drop_0.30_using_sim-1__percent_on_[].txt,57.330000000000005,10000,1000
experiments/vit_tiny_results/only_similarity/vit_tiny_only_token_accuracy_drop_0.40_using_sim-1__percent_on_[].txt,52.66,10000,1000
experiments/vit_tiny_results/only_similarity/vit_tiny_only_token_accuracy_drop_0.50_using_sim-1__percent_on_[0].txt,46.489999999999995,10000,1000
experiments/vit_tiny_results/only_similarity/vit_tiny_only_token_accuracy_drop_0.50_using_sim-1__percent_on_[].txt,58.75,160,16
experiments/vlsid results/drop_1_15/vit_base_similarity_dropblock[]_droprate0.80_attnprune0.00.txt,83.0,10000,10
experiments/vlsid results/drop_1_15/vit_base_similarity_dropblock[]_droprate0.84_attnprune0.00.txt,83.31,10000,10
experiments/vlsid results/drop_1_15/vit_base_similarity_dropblock[]_droprate0.85_attnprune0.00.txt,83.3,10000,10
experiments/vlsid results/drop_1_15/vit_base_similarity_dropblock[]_droprate0.86_attnprune0.00.txt,83.23,10000,10
experiments/vlsid results/drop_1_15/vit_base_similarity_dropblock[]_droprate0.87_attnprune0.00.txt,83.32000000000001,10000,10
experiments/vlsid results/drop_1_15/vit_base_similarity_dropblock[]_droprate0.88_attnprune0.00.txt,83.34,10000,10
experiments/vlsid results/drop_1_15/vit_base_similarity_dropblock[]_droprate0.89_attnprune0.00.txt,83.33,10000,10
experiments/vlsid results/drop_1_15/vit_base_similarity_dropblock[]_droprate0.90_attnprune0.00.txt,83.43,10000,10
experiments/vlsid results/drop_1_15/vit_base_similarity_dropblock[]_droprate0.91_attnprune0.00.txt,83.35000000000001,10000,10
experiments/vlsid results/drop_1_15/vit_base_similarity_dropblock[]_droprate0.92_attnprune0.00.txt,83.50999999999999,10000,10
experiments/vlsid results/drop_1_15/vit_base_similarity_dropblock[]_droprate0.93_attnprune0.00.txt,83.47,10000,10
experiments/vlsid results/drop_1_15/vit_base_similarity_dropblock[]_droprate0.94_attnprune0.00.txt,83.52000000000001,10000,10
experiments/vlsid results/drop_1_15/vit_base_similarity_dropblock[]_droprate0.95_attnprune0.00.txt,83.54,10000,10
experiments/vlsid results/drop_1_15/vit_base_similarity_dropblock[]_droprate0.96_attnprune0.00.txt,83.49,10000,10
experiments/vlsid results/drop_1_15/vit_base_similarity_dropblock[]_droprate0.97_attnprune0.00.txt,83.44,10000,10
experiments/vlsid results/drop_1_15/vit_base_similarity_dropblock[]_droprate0.98_attnprune0.00.txt,83.36,10000,10
experiments/vlsid results/drop_1_15/vit_base_similarity_dropblock[]_droprate0.99_attnprune0.00.txt,83.31,10000,10
experiments/vlsid results/experiment_dynamic_dropping/vit_base_similarity_dropblock[]_droprate0.50_attnprune0.00.txt,47.56,10000,6981
experiments/vlsid results/experiment_new_techniques/vit_base_similarity_dropblock[]_droprate0.40_attnprune0.00.txt,73.05,10000,1003
experiments/vlsid results/experiment_new_techniques/vit_base_similarity_dropblock[]_droprate0.41_attnprune0.00.txt,0.0,50,2073
experiments/vlsid results/experiment_new_techniques/vit_base_similarity_dropblock[]_droprate0.50_attnprune0.00.txt,68.37209302325581,430,5257
experiments/vlsid results/experiment_new_techniques/vit_base_similarity_dropblock[]_droprate0.52_attnprune0.00.txt,80.0,40,3115
experiments/vlsid results/experiment_new_techniques/vit_base_similarity_dropblock[]_droprate0.60_attnprune0.00.txt,73.33333333333333,30,7
experiments/vlsid results/experiment_new_techniques/vit_base_similarity_dropblock[]_droprate0.80_attnprune0.00.txt,80.0,40,80
experiments/vlsid results/similarity_score_with_cls_token_accuracy_drop_0_percent.txt,0,0,1
experiments/vlsid results/vit_base_result/Accuracy Vs Sparsity Graph/vit bAE/using attention/vit_base_similarity_dropblock[0]_droprate1.00_attnprune0.10.txt,78.21000000000001,10000,100
experiments/vlsid results/vit_base_result/Accuracy Vs Sparsity Graph/vit bAE/using attention/vit_base_similarity_dropblock[0]_droprate1.00_attnprune0.20.txt,71.72,10000,100
experiments/vlsid results/vit_base_result/Accuracy Vs Sparsity Graph/vit bAE/using attention/vit_base_similarity_dropblock[0]_droprate1.00_attnprune0.30.txt,64.25,10000,100
experiments/vlsid results/vit_base_result/Accuracy Vs Sparsity Graph/vit bAE/using attention/vit_base_similarity_dropblock[0]_droprate1.00_attnprune0.40.txt,55.05,10000,100
experiments/vlsid results/vit_base_result/Accuracy Vs Sparsity Graph/vit bAE/using attention/vit_base_similarity_dropblock[0]_droprate1.00_attnprune0.50.txt,46.339999999999996,10000,100
experiments/vlsid results/vit_base_result/Accuracy Vs Sparsity Graph/vit bAE/using attention/vit_base_similarity_dropblock[1]_droprate1.00_attnprune0.10.txt,83.04,10000,100
experiments/vlsid results/vit_base_result/Accuracy Vs Sparsity Graph/vit bAE/using attention/vit_base_similarity_dropblock[1]_droprate1.00_attnprune0.20.txt,82.36,10000,100
experiments/vlsid results/vit_base_result/Accuracy Vs Sparsity Graph/vit bAE/using attention/vit_base_similarity_dropblock[1]_droprate1.00_attnprune0.30.txt,81.2,10000,100
experiments/vlsid results/vit_base_result/Accuracy Vs Sparsity Graph/vit bAE/using attention/vit_base_similarity_dropblock[1]_droprate1.00_attnprune0.40.txt,79.28,10000,100
experiments/vlsid results/vit_base_result/Accuracy Vs Sparsity Graph/vit bAE/using attention/vit_base_similarity_dropblock[1]_droprate1.00_attnprune0.50.txt,76.42,10000,100
experiments/vlsid results/vit_base_result/Accuracy Vs Sparsity Graph/vit bAE/using attention/vit_base_similarity_dropblock[2]_droprate1.00_attnprune0.10.txt,83.37,10000,100
experiments/vlsid results/vit_base_result/Accuracy Vs Sparsity Graph/vit bAE/using attention/vit_base_similarity_dropblock[2]_droprate1.00_attnprune0.20.txt,83.11,10000,100
experiments/vlsid results/vit_base_result/Accuracy Vs Sparsity Graph/vit bAE/using attention/vit_base_similarity_dropblock[2]_droprate1.00_attnprune0.30.txt,82.75,10000,100
experiments/vlsid results/vit_base_result/Accuracy Vs Sparsity Graph/vit bAE/using attention/vit_base_similarity_dropblock[2]_droprate1.00_attnprune0.40.txt,81.93,10000,100
experiments/vlsid results/vit_base_result/Accuracy Vs Sparsity Graph/vit bAE/using attention/vit_base_similarity_dropblock[2]_droprate1.00_attnprune0.50.txt,80.85,10000,100
"experiments/vlsid results/vit_base_result/vit_base_similarity_dropblock[3, 6, 9]_droprate0.15_attnprune0.15.txt",82.37,10000,10
"experiments/vlsid results/vit_base_result/vit_base_similarity_dropblock[3, 6, 9]_droprate0.20_attnprune0.20.txt",82.01,10000,10
"experiments/vlsid results/vit_base_result/vit_base_similarity_dropblock[3, 6, 9]_droprate0.25_attnprune0.20.txt",81.67999999999999,10000,10
"experiments/vlsid results/vit_base_result/vit_base_similarity_dropblock[3, 6, 9]_droprate0.30_attnprune0.25.txt",80.60000000000001,10000,10
experiments/vlsid results/vit_base_result/vit_base_similarity_dropblock[]_droprate0.10_attnprune0.00.txt,28.000000000000004,100,1
experiments/vlsid results/vit_base_result/vit_base_similarity_dropblock[]_droprate0.20_attnprune0.00.txt,58.92753623188406,6900,69
experiments/vlsid results/vit_base_result/vit_base_similarity_dropblock[]_droprate0.30_attnprune0.00.txt,72.18571428571428,7000,70
experiments/vlsid results/vit_base_result/vit_base_similarity_dropblock[]_droprate0.40_attnprune0.00.txt,77.17391304347827,6900,69
experiments/vlsid results/vit_base_result/vit_base_similarity_dropblock[]_droprate0.50_attnprune0.00.txt,80.05,10000,371
experiments/vlsid results/vit_base_result/vit_base_similarity_dropblock[]_droprate0.60_attnprune0.00.txt,81.39999999999999,10000,100
experiments/vlsid results/vit_base_result/vit_base_similarity_dropblock[]_droprate0.64_attnprune0.00.txt,81.89,10000,100
experiments/vlsid results/vit_base_result/vit_base_similarity_dropblock[]_droprate0.70_attnprune0.00.txt,82.46,10000,100
experiments/vlsid results/vit_base_result/vit_base_similarity_dropblock[]_droprate0.73_attnprune0.00.txt,82.82000000000001,10000,101
experiments/vlsid results/vit_base_result/vit_base_similarity_dropblock[]_droprate0.80_attnprune0.00.txt,79.48717948717949,39,296
experiments/vlsid results/vit_base_result/vit_base_similarity_dropblock[]_droprate0.90_attnprune0.00.txt,83.43,10000,100
"experiments/vlsid results/vit_base_similarity_dropblock[3, 6, 9]_droprate0.00_attnprune0.53.txt",100.0,20,464
"experiments/vlsid results/vit_base_similarity_dropblock[3, 6, 9]_droprate0.25_attnprune0.25.txt",80.08,10000,1000
"experiments/vlsid results/vit_base_similarity_dropblock[3, 6, 9]_droprate0.30_attnprune0.25.txt",86.0,200,1108
"experiments/vlsid results/vit_base_similarity_dropblock[3, 6, 9]_droprate0.30_attnprune0.53.txt",75.0,40,4
"experiments/vlsid results/vit_large_results/vit_base_similarity_dropblock[3, 6, 9]_droprate0.15_attnprune0.15.txt",81.37,10000,10
"experiments/vlsid results/vit_large_results/vit_base_similarity_dropblock[3, 6, 9]_droprate0.20_attnprune0.20.txt",79.25999999999999,10000,10
"experiments/vlsid results/vit_large_results/vit_base_similarity_dropblock[3, 6, 9]_droprate0.25_attnprune0.20.txt",78.29,10000,10
"experiments/vlsid results/vit_large_results/vit_base_similarity_dropblock[3, 6, 9]_droprate0.30_attnprune0.25.txt",74.82,10000,10
"experiments/vlsid results/vit_large_results/vit_base_similarity_dropblock[5, 11, 17]_droprate0.15_attnprune0.15.txt",81.86,10000,10
"experiments/vlsid results/vit_large_results/vit_base_similarity_dropblock[5, 11, 17]_droprate0.20_attnprune0.20.txt",81.16,10000,10
"experiments/vlsid results/vit_large_results/vit_base_similarity_dropblock[5, 11, 17]_droprate0.25_attnprune0.20.txt",80.58,10000,10
"experiments/vlsid results/vit_large_results/vit_base_similarity_dropblock[5, 11, 17]_droprate0.30_attnprune0.25.txt",79.05,10000,10
experiments/vlsid results/vit_large_results/vit_base_similarity_dropblock[]_droprate0.20_attnprune0.00.txt,43.266666666666666,3000,3
experiments/vlsid results/vit_large_results/vit_base_similarity_dropblock[]_droprate0.30_attnprune0.00.txt,67.73333333333333,3000,3
experiments/vlsid results/vit_large_results/vit_base_similarity_dropblock[]_droprate0.40_attnprune0.00.txt,77.13333333333333,3000,3
experiments/vlsid results/vit_large_results/vit_base_similarity_dropblock[]_droprate0.50_attnprune0.00.txt,80.41,10000,66
experiments/vlsid results/vit_large_results/vit_base_similarity_dropblock[]_droprate0.60_attnprune0.00.txt,82.06,10000,10
experiments/vlsid results/vit_large_results/vit_base_similarity_dropblock[]_droprate0.70_attnprune0.00.txt,83.32000000000001,10000,10
experiments/vlsid results/vit_large_results/vit_base_similarity_dropblock[]_droprate0.80_attnprune0.00.txt,84.25,10000,10
experiments/vlsid results/vit_small_results/vit_base_similarity_dropblock[0]_droprate0.70_attnprune0.00.txt,73.35416666666667,4800,48
experiments/vlsid results/vit_small_results/vit_base_similarity_dropblock[]_droprate0.40_attnprune0.00.txt,73.05,10000,2000
experiments/vlsid results/vit_small_results/vit_base_similarity_dropblock[]_droprate0.41_attnprune0.00.txt,68.33333333333333,60,6
experiments/vlsid results/vit_small_results/vit_base_similarity_dropblock[]_droprate0.50_attnprune0.00.txt,80.05,10000,3076
experiments/vlsid results/vit_small_results/vit_base_similarity_dropblock[]_droprate0.59_attnprune0.00.txt,95.0,20,2
experiments/vlsid results/vit_small_results/vit_base_similarity_dropblock[]_droprate0.60_attnprune0.00.txt,83.33333333333334,30,103
experiments/vlsid results/vit_small_results/vit_base_similarity_dropblock[]_droprate0.61_attnprune0.00.txt,72.77,10000,2668
experiments/vlsid results/vit_small_results/vit_base_similarity_dropblock[]_droprate0.70_attnprune0.00.txt,81.66666666666667,300,103
experiments/vlsid results/vit_small_results/vit_base_similarity_dropblock[]_droprate0.80_attnprune0.00.txt,76.41,10000,10
experiments/vlsid results/vit_tiny results/vit_base_similarity_dropblock[]_droprate0.00_attnprune0.00.txt,0.27999999999999997,10000,10
experiments/vlsid results/vit_tiny results/vit_base_similarity_dropblock[]_droprate0.50_attnprune0.00.txt,52.5,40,14
experiments/vlsid results/vit_tiny results/vit_base_similarity_dropblock[]_droprate0.51_attnprune0.00.txt,47.03,10000,1002
experiments/vlsid results/vit_tiny results/vit_base_similarity_dropblock[]_droprate0.60_attnprune0.00.txt,52.76,10000,10
experiments/vlsid results/vit_tiny results/vit_base_similarity_dropblock[]_droprate0.70_attnprune0.00.txt,57.720000000000006,10000,10
experiments/vlsid results/vit_tiny results/vit_base_similarity_dropblock[]_droprate0.80_attnprune0.00.txt,62.519999999999996,10000,10
experiments/vlsid results/vit_tiny results/vit_base_similarity_dropblock[]_droprate0.90_attnprune0.00.txt,65.66,10000,1000
experiments/vlsid results/vit_tiny results/vit_base_similarity_dropblock[]_droprate1.00_attnprune0.00.txt,66.14999999999999,10000,10
experiments/weighted_aggregation/vit_base_smilarity_and_attention_using_sim_merged_25_25_25_25_weighted_merging__3_6_9.txt,81.39999999999999,10000,1000
